productName,category,unit
3M 2080 Gloss Black  | G12,Vinyl Wrap ,ft
3M 2080 Satin Black  | S12,Vinyl Wrap ,ft
3M 2080 Gloss White  | G10,Vinyl Wrap ,ft
3M 2080 Matte Black  | M12,Vinyl Wrap ,ft
3M 2080 Satin Dark Gray  | S261,Vinyl Wrap ,ft
3M 2080 Black Carbon Fiber  | CFS1,Vinyl Wrap ,ft
3M 2080 Gloss Black Metallic  | G212,Vinyl Wrap ,ft
3M 2080 Matte Deep Black  | M22,Vinyl Wrap ,ft
3M 2080 Gloss Hot Rod Red  | G13,Vinyl Wrap ,ft
3M 2080 Gloss White Aluminum  | G120,Vinyl Wrap ,ft
3M 2080 Matte Military Green  | M26,Vinyl Wrap ,ft
3M 2080 Matte Dark Gray  | M261,Vinyl Wrap ,ft
3M 2080 Satin Flip Ghost Pearl  | SP280,Vinyl Wrap ,ft
3M 2080 High Gloss Black  | HG12,Vinyl Wrap ,ft
3M 2080 Gloss Dragon Fire Red  | G363,Vinyl Wrap ,ft
3M 1080 Gloss Atomic Teal  | G356,Vinyl Wrap ,ft
3M 2080 Gloss Flip Deep Space GP278,Vinyl Wrap ,ft
3M 2080 Satin Vampire Red  | SP273,Vinyl Wrap ,ft
3M 2080 Satin Pearl White  | SP10,Vinyl Wrap ,ft
3M 2080 Satin Frozen Vanilla  | SP240,Vinyl Wrap ,ft
3M 1080 Gloss Cosmic Blue  | G377,Vinyl Wrap ,ft
3M 2080 Gloss Blue Raspberry  | G378,Vinyl Wrap ,ft
3M 1080 Gloss Plum Explosion  | GP258,Vinyl Wrap ,ft
3M 2080 Gloss Flip Psychedelic  | GP281,Vinyl Wrap ,ft
3M 2080 Gloss Anthracite  | G201,Vinyl Wrap ,ft
3M 1080 Gloss Blue Fire  | G337,Vinyl Wrap ,ft
3M 2080 Satin Flip Psychedelic  | SP281,Vinyl Wrap ,ft
3M 2080 Satin Battleship Gray  | S51,Vinyl Wrap ,ft
3M 2080 Gloss Burnt Orange  | G14,Vinyl Wrap ,ft
3M 2080 Satin Gold Dust Black  | SP242,Vinyl Wrap ,ft
3M 2080 Gloss Bright Yellow  | G15,Vinyl Wrap ,ft
3M 2080 Shadow Black Textured  | SB12,Vinyl Wrap ,ft
3M 2080 Gloss Light Green  | G16,Vinyl Wrap ,ft
3M Neon Fluorescent Wrap Film | Satin Neon Yellow | VCW17076,Vinyl Wrap ,ft
3M 2080 Satin White Aluminum  | S120,Vinyl Wrap ,ft
3M 2080 Gloss Deep Blue Metallic  | G217,Vinyl Wrap ,ft
3M 2080 Gloss Sky Blue  | G77,Vinyl Wrap ,ft
3M 2080 Gloss Red Metallic  | G203,Vinyl Wrap ,ft
3M 2080 Gloss Sunflower  | G25,Vinyl Wrap ,ft
3M 2080 Satin Thundercloud  | S271,Vinyl Wrap ,ft
3M 2080 Gloss Bright Orange  | G54,Vinyl Wrap ,ft
3M 1080 Gloss Fiery Orange  | G364,Vinyl Wrap ,ft
3M 2080 Matte Pine Green Metallic  | M206,Vinyl Wrap ,ft
3M 2080 Satin Key West  | S57,Vinyl Wrap ,ft
3M 2080 Satin White  | S10,Vinyl Wrap ,ft
3M 2080 Gloss White Gold Sparkle  | GP240,Vinyl Wrap ,ft
3M 2080 Gloss Sterling Silver  | G251,Vinyl Wrap ,ft
3M 1080 Gloss Liquid Copper  | G344,Vinyl Wrap ,ft
3M 2080 Satin Perfect Blue  | S347,Vinyl Wrap ,ft
3M 1080 Gloss Fierce Fuchsia  | G348,Vinyl Wrap ,ft
3M 2080 Gloss Storm Gray  | G31,Vinyl Wrap ,ft
3M 2080 Matte Charcoal Metallic  | M211,Vinyl Wrap ,ft
3M 2080 Gloss Intense Blue  | G47,Vinyl Wrap ,ft
3M 2080 Brushed Black Metallic  | BR212,Vinyl Wrap ,ft
3M 2080 Matte White  | M10,Vinyl Wrap ,ft
3M 2080 Anthracite Carbon Fiber  | CFS201,Vinyl Wrap ,ft
3M 2080 Matte Brown Metallic  | M209,Vinyl Wrap ,ft
3M 2080 Satin Ocean Shimmer  | S327,Vinyl Wrap ,ft
3M 2080 Dead Matte Black  | DM12,Vinyl Wrap ,ft
3M 2080 Matrix Black Textured  | MX12,Vinyl Wrap ,ft
3M 2080 Gloss Charcoal Metallic  | G211,Vinyl Wrap ,ft
3M 2080 Gloss Midnight Blue GP272,Vinyl Wrap ,ft
3M 2080 Gloss Flame Red  | G53,Vinyl Wrap ,ft
3M 2080 Gloss Green Envy  | G336,Vinyl Wrap ,ft
3M 2080 Matte Slate Blue Metallic  | M217,Vinyl Wrap ,ft
3M 2080 Brushed Aluminum  | BR120,Vinyl Wrap ,ft
3M Neon Fluorescent Wrap Film | Satin Neon Green | VCW17120,Vinyl Wrap ,ft
3M 2080 Matte Black Metallic  | M212,Vinyl Wrap ,ft
3M 2080 Matte Gray Aluminum  | M230,Vinyl Wrap ,ft
3M 2080 Matte Silver  | M21,Vinyl Wrap ,ft
3M 2080 Gloss Blue Metallic  | G227,Vinyl Wrap ,ft
3M 2080 Gloss Ember Black  | GP282,Vinyl Wrap ,ft
3M 2080 Gloss Lucid Yellow  | G55,Vinyl Wrap ,ft
3M 2080 Gloss Light Ivory  | G79,Vinyl Wrap ,ft
3M Neon Fluorescent Wrap Film | Satin Neon Orange | VCW17074,Vinyl Wrap ,ft
3M 2080 Satin Smoldering Red  | S363,Vinyl Wrap ,ft
3M 2080 Satin Flip Volcanic Flare  | SP236,Vinyl Wrap ,ft
3M 2080 Gloss Deep Orange  | G24,Vinyl Wrap ,ft
3M 2080 Gloss Galaxy Black  | GP292,Vinyl Wrap ,ft
3M 2080 Matte Indigo  | M27,Vinyl Wrap ,ft
3M 2080 Matte Red  | M13,Vinyl Wrap ,ft
3M 2080 Matte Blue Metallic  | M227,Vinyl Wrap ,ft
3M 2080 High Gloss Black Metallic  | HG212,Vinyl Wrap ,ft
3M 2080 Brushed Steel  | BR201,Vinyl Wrap ,ft
3M 2080 Gloss Boat Blue  | G127,Vinyl Wrap ,ft
3M 2080 Brushed Titanium  | BR230,Vinyl Wrap ,ft
3M 2080 Gloss Kelly Green  | G46,Vinyl Wrap ,ft
3M 2080 Satin Apple Green  | S196,Vinyl Wrap ,ft
3M 2080 Matte Red Metallic  | M203,Vinyl Wrap ,ft
3M 2080 High Gloss White  | HG10,Vinyl Wrap ,ft
3M 2080 Satin Bitter Yellow  | S335,Vinyl Wrap ,ft
3M 2080 Gloss Hot Pink  | G103,Vinyl Wrap ,ft
3M 2080 Gloss Silver Chrome  | GC451,Vinyl Wrap ,ft
3M 2080 High Gloss Flip Deep Space  | HGP278,Vinyl Wrap ,ft
3M 2080 High Gloss Hot Rod Red  | HG13,Vinyl Wrap ,ft
3M 2080 High Gloss Storm Gray  | HG31,Vinyl Wrap ,ft
3M 2080 High Gloss Sky Blue  | HG77,Vinyl Wrap ,ft
3M 2080 High Gloss Blue Raspberry  | HG378,Vinyl Wrap ,ft
3M 2080 Shadow Military Green Textured  | SB26,Vinyl Wrap ,ft
3M 2080 High Gloss Burnt Orange  | HG14,Vinyl Wrap ,ft
3M 2080 High Gloss White Aluminum  | HG120,Vinyl Wrap ,ft
3M 2080 High Gloss Green Envy  HG336,Vinyl Wrap ,ft
3M 2080 High Gloss Bright Yellow  | HG15,Vinyl Wrap ,ft
3M 2080 High Gloss Nardo Gray  | HG61,Vinyl Wrap ,ft
3M 2080 Satin Lunar Blue  | S87,Vinyl Wrap ,ft
3M 2080 Satin Komodo Green  | S56,Vinyl Wrap ,ft
3M 2080 Satin Sandstone  | S49,Vinyl Wrap ,ft
3M 2080 High Gloss Ruby Rosso  | HG73,Vinyl Wrap ,ft
3M 2080 Satin Frozen Berry Metallic  | S238,Vinyl Wrap ,ft
3M 2080 High Gloss Mantis Green  | HG36,Vinyl Wrap ,ft
3M 2080 High Gloss Meteor Gray  | HG81,Vinyl Wrap ,ft
3M 2080 Satin Thundercloud  | S271 ,Vinyl Wrap ,ft
3M 2080 High Gloss Green Envy  | HG336 ,Vinyl Wrap ,ft
3M 2080 Gloss Midnight Blue | GP272 ,Vinyl Wrap ,ft
3M 5% Ceramic IR (20 in) ,Window Tint ,ft
3M 15% Ceramic IR (20 in) ,Window Tint ,ft
3M 25% Ceramic IR (20 in) ,Window Tint ,ft
3M 30% Ceramic IR (20 in) ,Window Tint ,ft
3M 35% Ceramic IR (20 in) ,Window Tint ,ft
3M 50% Ceramic IR (20 in) ,Window Tint ,ft
3M 70% Ceramic IR (20 in) ,Window Tint ,ft
3M 5% Ceramic IR (40 in) ,Window Tint ,ft
3M 15% Ceramic IR (40 in) ,Window Tint ,ft
3M 25% Ceramic IR (40 in) ,Window Tint ,ft
3M 30% Ceramic IR (40 in) ,Window Tint ,ft
3M 35% Ceramic IR (40 in) ,Window Tint ,ft
3M 50% Ceramic IR (40 in) ,Window Tint ,ft
3M 70% Ceramic IR (40 in) ,Window Tint ,ft
3M 5% Ceramic IR (60 in) ,Window Tint ,ft
3M 15% Ceramic IR (60 in) ,Window Tint ,ft
3M 25% Ceramic IR (60 in) ,Window Tint ,ft
3M 30% Ceramic IR (60 in) ,Window Tint ,ft
3M 35% Ceramic IR (60 in) ,Window Tint ,ft
3M 50% Ceramic IR (60 in) ,Window Tint ,ft
3M 70% Ceramic IR (60 in) ,Window Tint ,ft
3M 5% CS IR (20 in) ,Window Tint ,ft
3M 15% CS IR (20 in) ,Window Tint ,ft
3M 25% CS IR (20 in) ,Window Tint ,ft
3M 30% CS IR (20 in) ,Window Tint ,ft
3M 35% CS IR (20 in) ,Window Tint ,ft
3M 50% CS IR (20 in) ,Window Tint ,ft
3M 70% CS IR (20 in) ,Window Tint ,ft
3M 5% CS IR (40 in) ,Window Tint ,ft
3M 15% CS IR (40 in) ,Window Tint ,ft
3M 25% CS IR (40 in) ,Window Tint ,ft
3M 30% CS IR (40 in) ,Window Tint ,ft
3M 35% CS IR (40 in) ,Window Tint ,ft
3M 50% CS IR (40 in) ,Window Tint ,ft
3M 70% CS IR (40 in) ,Window Tint ,ft
3M 5% CS IR (60 in) ,Window Tint ,ft
3M 15% CS IR (60 in) ,Window Tint ,ft
3M 25% CS IR (60 in) ,Window Tint ,ft
3M 30% CS IR (60 in) ,Window Tint ,ft
3M 35% CS IR (60 in) ,Window Tint ,ft
3M 50% CS IR (60 in) ,Window Tint ,ft
3M 70% CS IR (60 in) ,Window Tint ,ft
"3M 5% FX PM, (60 in)",Window Tint ,ft
"3M 15% FX PM, (60 in)",Window Tint ,ft
"3M 25% FX PM, (60 in)",Window Tint ,ft
"3M 30% FX PM, (60 in)",Window Tint ,ft
"3M 35% FX PM, (60 in)",Window Tint ,ft
"3M 40% FX PM, (60 in)",Window Tint ,ft
"3M 55% FX PM, (60 in)",Window Tint ,ft
"3M 15% FX PM, (40 in)",Window Tint ,ft
"3M 25% FX PM, (40 in)",Window Tint ,ft
"3M 30% FX PM, (40 in)",Window Tint ,ft
"3M 35% FX PM, (40 in)",Window Tint ,ft
"3M 5% FX PM, (36 in)",Window Tint ,ft
"3M 15% FX PM, (36 in)",Window Tint ,ft
"3M 25% FX PM, (36 in)",Window Tint ,ft
"3M 30% FX PM, (36 in)",Window Tint ,ft
"3M 35% FX PM, (36 in)",Window Tint ,ft
"3M 40% FX PM, (36 in)",Window Tint ,ft
"3M 5% FX PM, (20 in)",Window Tint ,ft
"3M 15% FX PM, (20 in)",Window Tint ,ft
"3M 25% FX PM, (20 in)",Window Tint ,ft
"3M 30% FX PM, (20 in)",Window Tint ,ft
"3M 35% FX PM, (20 in)",Window Tint ,ft
"3M 40% FX PM, (20 in)",Window Tint ,ft
"3M Crystalline Series, 20% Plus, (20 in)",Window Tint ,ft
"3M Crystalline Series, 40% Plus, (20 in)",Window Tint ,ft
"3M Crystalline Series, 20% Plus, (36 in)",Window Tint ,ft
"3M Crystalline Series, 40% Plus, (36 in)",Window Tint ,ft
"3M Crystalline Series, 50% Plus, (36 in)",Window Tint ,ft
"3M Crystalline Series, 60% Plus, (36 in)",Window Tint ,ft
"3M Crystalline Series, 70% Plus, (36 in)",Window Tint ,ft
"3M Crystalline Series, 80% Plus, (36 in)",Window Tint ,ft
"3M Crystalline Series, 90% Plus, (36 in)",Window Tint ,ft
"3M Crystalline Series, 20% Plus, (60 in)",Window Tint ,ft
"3M Crystalline Series, 40% Plus, (60 in)",Window Tint ,ft
"3M Crystalline Series, 50% Plus, (60 in)",Window Tint ,ft
"3M Crystalline Series, 60% Plus, (60 in)",Window Tint ,ft
"3M Crystalline Series, 70% Plus, (60 in)",Window Tint ,ft
"3M Crystalline Series, 80% Plus, (60 in)",Window Tint ,ft
"3M Crystalline Series, 90% Plus, (60 in)",Window Tint ,ft
"3M Obsidian, 5%, (20 in)",Window Tint ,ft
"3M Obsidian, 15%, (20 in)",Window Tint ,ft
"3M Obsidian, 25%, (20 in)",Window Tint ,ft
"3M Obsidian, 30%, (20 in)",Window Tint ,ft
"3M Obsidian, 25%, (40 in)",Window Tint ,ft
"3M Obsidian, 30%, (40 in)",Window Tint ,ft
"3M Obsidian, 35%, (40 in)",Window Tint ,ft
"3M Obsidian, 50%, (40 in)",Window Tint ,ft
"3M Obsidian, 25%, (60 in)",Window Tint ,ft
"3M Obsidian, 30%, (60 in)",Window Tint ,ft
3M Gloss Neptune Blue PWF,Paint Protection Film(PPF),ft
3M Gloss Habanero Red PWF,Paint Protection Film(PPF),ft
3M Gloss Iridescent Emerald Green PWF,Paint Protection Film(PPF),ft
3M Gloss Bone Grey PWF,Paint Protection Film(PPF),ft
3M Gloss Crimson Red PWF,Paint Protection Film(PPF),ft
3M Gloss Olive Green PWF,Paint Protection Film(PPF),ft
3M Gloss Powder Blue PWF,Paint Protection Film(PPF),ft
3M Gloss Umbra Rosso PWF,Paint Protection Film(PPF),ft
3M Gloss Verde Antico PWF,Paint Protection Film(PPF),ft
3M Gloss Viola PWF,Paint Protection Film(PPF),ft
3M Gloss Yellow Solar Flare PWF,Paint Protection Film(PPF),ft
3M Matte Black PWF,Paint Protection Film(PPF),ft
3M Matte Smoke Gray PWF,Paint Protection Film(PPF),ft
3M Matte Coyote Brown PWF,Paint Protection Film(PPF),ft
3M Matte Moon Rock Blue PWF,Paint Protection Film(PPF),ft
3M Matte White PWF,Paint Protection Film(PPF),ft
3M Gloss Flip Cosmic Dust PWF,Paint Protection Film(PPF),ft
3M Gloss Flip Winter Rose PWF,Paint Protection Film(PPF),ft
3M Gloss Flip Psychedelic PWF,Paint Protection Film(PPF),ft
3M Print Wrap Film IJ280​,Vinyl Wrap ,ft
3M Print Wrap Film IJ180mC-10​,Vinyl Wrap ,ft
3M Print Wrap Film IJ180mC-114​,Vinyl Wrap ,ft
3M Print Wrap Film IJ180mC-120​,Vinyl Wrap ,ft
3M Print Wrap Film IJ180mC-10UR​,Vinyl Wrap ,ft
3M Print Wrap Film IJ180mC-10LSE​,Vinyl Wrap ,ft
3M Print Wrap Film IJ180mC-10SLS​,Vinyl Wrap ,ft
3M Print Wrap Film IJ175Cv3 (54 inch),Vinyl Wrap ,ft
3M Print Wrap Film IJ175Cv3 (60 inch),Vinyl Wrap ,ft
3M Envision Print Wrap Film SV480mC,Vinyl Wrap ,ft
3M Envision Print Wrap Film LX480mC,Vinyl Wrap ,ft
Avery Dennison SW900 Gloss Black  | SW900-190-O,Vinyl Wrap ,ft
Avery Dennison SW900 Satin Black  | SW900-197-O,Vinyl Wrap ,ft
Avery Dennison SW900 Gloss White  | SW900-101-O,Vinyl Wrap ,ft
Avery Dennison SW900 Matte Black  | SW900-180-O,Vinyl Wrap ,ft
Avery Dennison SW900 Gloss Carmine Red  | SW900-436-O,Vinyl Wrap ,ft
Avery Dennison SW900 Gloss Dark Gray  | SW900-865-O,Vinyl Wrap ,ft
Avery Dennison SW900 Black Carbon Fiber  | SW900-194-X,Vinyl Wrap ,ft
Avery Dennison SW900 Gloss Rock Gray  | SW900-821-O,Vinyl Wrap ,ft
Avery Dennison SW900 Gloss Light Blue  | SW900-632-O,Vinyl Wrap ,ft
Avery Dennison SW900 Gloss Silver Metallic  | SW900-803-M,Vinyl Wrap ,ft
Avery Dennison SW900 Gloss White Diamond  | SW900-161-D,Vinyl Wrap ,ft
Avery Dennison SW900 Matte Charcoal Metallic  | SW900-845-M,Vinyl Wrap ,ft
Avery Dennison SW900 Matte Olive Green  | SW900-732-O,Vinyl Wrap ,ft
Avery Dennison SF100 Gloss Silver Conform Chrome  | SF100-843-S,Vinyl Wrap ,ft
Avery Dennison SW900 Satin Black Rock Gray Metallic  | SW900-823-M,Vinyl Wrap ,ft
Avery Dennison SW900 Gloss Obsidian Black  | SW900-191-O,Vinyl Wrap ,ft
Avery Dennison SW900 Satin Dark Basalt  | SW900-871-S,Vinyl Wrap ,ft
Avery Dennison SW900 Matte Gunmetal Metallic  | SW900-840-M,Vinyl Wrap ,ft
Avery Dennison SW900 Gloss Black Metallic  | SW900-192-M,Vinyl Wrap ,ft
Avery Dennison SW900 Gloss Cardinal Red  | SW900-433-O,Vinyl Wrap ,ft
Avery Dennison SW900 Satin Dark Gray  | SW900-854-M,Vinyl Wrap ,ft
Avery Dennison SW900 Gloss Orange  | SW900-373-O,Vinyl Wrap ,ft
Avery Dennison SW900 Gloss White Pearl  | SW900-109-S,Vinyl Wrap ,ft
Avery Dennison SW900 Gloss Red  | SW900-415-O,Vinyl Wrap ,ft
Avery Dennison SW900 Gloss Hidden Forest  | SW900-789-S,Vinyl Wrap ,ft
Avery Dennison SW900 Gloss Dark Blue  | SW900-681-O,Vinyl Wrap ,ft
Avery Dennison SW900 Gloss Gray  | SW900-832-O,Vinyl Wrap ,ft
Avery Dennison SW900 Gloss Intense Blue  | SW900-667-O,Vinyl Wrap ,ft
Avery Dennison SF100 Gloss Gold Conform Chrome  | SF100-604-S,Vinyl Wrap ,ft
Avery Dennison SW900 Satin White  | SW900-116-O,Vinyl Wrap ,ft
Avery Dennison SW900 Gloss Passion Red  | SW900-448-S,Vinyl Wrap ,ft
Avery Dennison SW900 Gloss Mysterious Indigo Metallic  | SW900-700-M,Vinyl Wrap ,ft
Avery Dennison SW900 Gloss Sea Breeze Blue  | SW900-648-O,Vinyl Wrap ,ft
Avery Dennison SW900 Satin Purple Metallic  | SW900-566-M,Vinyl Wrap ,ft
Avery Dennison SW900 Gloss Yellow  | SW900-235-O,Vinyl Wrap ,ft
Avery Dennison SW900 Gloss Gray Metallic  | SW900-807-M,Vinyl Wrap ,ft
Avery Dennison SW900 Satin Bubblegum Pink  | SW900-514-O,Vinyl Wrap ,ft
Avery Dennison SW900 Satin Energetic Yellow  | SW900-261-S,Vinyl Wrap ,ft
Avery Dennison SW900 Gloss Blue Diamond  | SW900-676-D,Vinyl Wrap ,ft
Avery Dennison SW900 Satin White Pearlescent  | SW900-117-O,Vinyl Wrap ,ft
Avery Dennison SW900 Gloss Prismatic Gray Metallic  | SW900-879-M,Vinyl Wrap ,ft
Avery Dennison SW900 Gloss Burgundy  | SW900-475-O,Vinyl Wrap ,ft
Avery Dennison SW900 Gloss Gold Metallic  | SW900-215-M,Vinyl Wrap ,ft
Avery Dennison SW900 Satin Cool Teal  | SW900-716-S,Vinyl Wrap ,ft
Avery Dennison SW900 Gloss Radioactive Green  | SW900-762-M,Vinyl Wrap ,ft
Avery Dennison SW900 Gloss Roaring Thunder  | SW900-552-S,Vinyl Wrap ,ft
Avery Dennison SW900 Gloss Blue  | SW900-677-O,Vinyl Wrap ,ft
Avery Dennison SW900 Gloss Dark Blue Metallic  | SW900-653-M,Vinyl Wrap ,ft
Avery Dennison SW900 Matte Frosty Blue Metallic  | SW900-643-M,Vinyl Wrap ,ft
Avery Dennison SW900 Matte Dark Gray  | SW900-856-O,Vinyl Wrap ,ft
Avery Dennison SW900 Gloss Dark Green  | SW900-792-O,Vinyl Wrap ,ft
Avery Dennison SW900 Gloss Red Diamond  | SW900-426-D,Vinyl Wrap ,ft
Avery Dennison SW900 Gloss Dark Yellow  | SW900-249-O,Vinyl Wrap ,ft
Avery Dennison SW900 Gloss Magnetic Burst Blue  | SW900-679-M,Vinyl Wrap ,ft
Avery Dennison SW900 Satin Silver Metallic  | SW900-805-M,Vinyl Wrap ,ft
Avery Dennison SW900 Gloss Lime Green  | SW900-731-O,Vinyl Wrap ,ft
Avery Dennison SW900 Satin Stunning Orange  | SW900-316-S,Vinyl Wrap ,ft
Avery Dennison SW900 Gloss Rushing Riptide  | SW900-674-S,Vinyl Wrap ,ft
Avery Dennison SW900 Gloss Grass Green  | SW900-758-O,Vinyl Wrap ,ft
Avery Dennison SW900 Satin Khaki Green  | SW900-712-O,Vinyl Wrap ,ft
Avery Dennison SW900 Gloss Dark Green Pearl  | SW900-796-S,Vinyl Wrap ,ft
Avery Dennison SW900 Gloss Light Pistachio  | SW900-728-O,Vinyl Wrap ,ft
Avery Dennison SW900 Gloss Silver Diamond  | SW900-878-D,Vinyl Wrap ,ft
Avery Dennison SW900 Gloss Indigo Blue  | SW900-699-O,Vinyl Wrap ,ft
Avery Dennison SW900 Satin Carmine Red  | SW900-438-O,Vinyl Wrap ,ft
Avery Dennison SW900 Brushed Black Metallic  | SW900-193-X,Vinyl Wrap ,ft
Avery Dennison SW900 Matte Night Blue Metallic  | SW900-623-M,Vinyl Wrap ,ft
Avery Dennison SW900 Gloss Brown Metallic  | SW900-929-M,Vinyl Wrap ,ft
Avery Dennison SW900 Gloss Cloudy Blue  | SW900-656-O,Vinyl Wrap ,ft
Avery Dennison SW900 Gloss Aqua Blue  | SW900-636-O,Vinyl Wrap ,ft
Avery Dennison SF100 Frozen Satin Red Conform Chrome  | CWSF100474S-S,Vinyl Wrap ,ft
Avery Dennison SW900 Gloss Smoky Blue  | SW900-612-O,Vinyl Wrap ,ft
Avery Dennison SW900 Gloss Purple Diamond  | SW900-587-D,Vinyl Wrap ,ft
Avery Dennison SW900 Rugged Onyx Black  | SW900-182-X,Vinyl Wrap ,ft
Avery Dennison SW900 Gloss Mystery Black Metallic  | SW900-184-M,Vinyl Wrap ,ft
Avery Dennison SW900 Gloss Quicksilver Metallic  | SW900-816-M,Vinyl Wrap ,ft
Avery Dennison SW900 Gloss Rising Sun  | SW900-447-S,Vinyl Wrap ,ft
Avery Dennison SW900 Satin Wave Blue  | SW900-629-S,Vinyl Wrap ,ft
Avery Dennison SW900 Matte Pink Metallic  | SW900-520-M,Vinyl Wrap ,ft
Avery Dennison SW900 Satin Frozen Ocean  | SW900-788-S,Vinyl Wrap ,ft
Avery Dennison SW900 Satin Solar Dawn  | SW900-476-S,Vinyl Wrap ,ft
Avery Dennison SW900 Matte White  | SW900-102-O,Vinyl Wrap ,ft
Avery Dennison SW900 Gloss Urban Jungle  | SW900-787-S,Vinyl Wrap ,ft
Avery Dennison SW900 Gloss Ambulance Yellow  | SW900-236-O,Vinyl Wrap ,ft
Avery Dennison SW900 Satin Gray  | SW900-833-O,Vinyl Wrap ,ft
Avery Dennison SW900 Matte Purple Metallic  | SW900-565-M,Vinyl Wrap ,ft
Avery Dennison SF100 Gloss Black Conform Chrome  | SF100-196-S,Vinyl Wrap ,ft
Avery Dennison SW900 Gloss Eclipse Black  | SW900-199-M,Vinyl Wrap ,ft
Avery Dennison SW900 Gloss Fun Purple  | SW900-568-S,Vinyl Wrap ,ft
Avery Dennison SW900 Satin Rising Sun  | SW900-446-S,Vinyl Wrap ,ft
Avery Dennison SW900 Matte Silver Metallic  | SW900-857-M,Vinyl Wrap ,ft
Avery Dennison SW900 Matte Brilliant Blue Metallic  | SW900-671-M,Vinyl Wrap ,ft
Avery Dennison SF100 Gloss Red Conform Chrome  | SF100-474-S,Vinyl Wrap ,ft
Avery Dennison SW900 Satin Rushing Riptide  | SW900-673-S,Vinyl Wrap ,ft
Avery Dennison SW900 Satin Dark Blue  | SW900-682-O,Vinyl Wrap ,ft
Avery Dennison SW900 Brushed Steel Metallic  | SW900-813-X,Vinyl Wrap ,ft
Avery Dennison SW900 White Carbon Fiber  | SW900-115-X,Vinyl Wrap ,ft
Avery Dennison SW900 Brushed Aluminum Metallic  | SW900-812-X,Vinyl Wrap ,ft
Avery Dennison SF100 Gloss Rose Gold Conform Chrome  | SF100-211-S,Vinyl Wrap ,ft
Avery Dennison SF100 Gloss Blue Conform Chrome  | SF100-256-S,Vinyl Wrap ,ft
Avery Dennison SW900 Matte Orange  | SW900-321-O,Vinyl Wrap ,ft
Avery Dennison SW900 Matte Anthracite Metallic  | SW900-858-M,Vinyl Wrap ,ft
Avery Dennison SW900 Satin Light Blue  | SW900-633-O,Vinyl Wrap ,ft
Avery Dennison SW900 Gloss Amber Diamond  | SW900-221-D,Vinyl Wrap ,ft
Avery Dennison SW900 Brushed Titanium Metallic  | SW900-802-X,Vinyl Wrap ,ft
Avery Dennison SW900 Matte Khaki Green  | SW900-711-O,Vinyl Wrap ,ft
Avery Dennison SW900 Brushed Bronze Metallic  | SW900-933-X,Vinyl Wrap ,ft
Avery Dennison SW900 Satin Roaring Thunder  | SW900-551-S,Vinyl Wrap ,ft
Avery Dennison SW900 Satin Yellow  | SW900-224-O,Vinyl Wrap ,ft
Avery Dennison SW900 Matte Blue Metallic  | SW900-615-M,Vinyl Wrap ,ft
Avery Dennison SW900 Gloss Fresh Spring  | SW900-252-S,Vinyl Wrap ,ft
Avery Dennison SW900 Gloss Soft Red  | SW900-427-O,Vinyl Wrap ,ft
Avery Dennison SW900 Satin Safari Gold  | SW900-260-S,Vinyl Wrap ,ft
Avery Dennison SW900 Satin Fresh Spring  | SW900-251-S,Vinyl Wrap ,ft
Avery Dennison SW900 Gloss Bright Blue Metallic  | SW900-646-M,Vinyl Wrap ,ft
Avery Dennison SW900 Gloss Lightning Ridge  | SW900-611-S,Vinyl Wrap ,ft
Avery Dennison SW900 Satin Urban Jungle  | SW900-786-S,Vinyl Wrap ,ft
Avery Dennison SW900 Rugged Bedrock Gray  | SW900-824-X,Vinyl Wrap ,ft
Avery Dennison SF100 Frozen Satin Blue Conform Chrome  | CWSF100256S-S,Vinyl Wrap ,ft
Avery Dennison SW900 Rugged Combat Green  | SW900-718-X,Vinyl Wrap ,ft
Avery Dennison SW900 Matte Garnet Red Metallic  | SW900-472-M,Vinyl Wrap ,ft
Avery Dennison SW900 Gloss Sand Sparkle  | SW900-255-M,Vinyl Wrap ,ft
Avery Dennison SW900 Gloss Light Green Pearlescent  | SW900-777-S,Vinyl Wrap ,ft
Avery Dennison SF100 Frozen Satin Silver Conform Chrome  | CWSF100843S-S,Vinyl Wrap ,ft
Avery Dennison SW900 Satin Lightning Ridge  | SW900-610-S,Vinyl Wrap ,ft
Avery Dennison SW900 Rugged Marsh Green  | SW900-738-X,Vinyl Wrap ,ft
Avery Dennison SF100 Frozen Matte Red Conform Chrome  | CWSF100474S-M,Vinyl Wrap ,ft
Avery Dennison SF100 Frozen Satin Black Conform Chrome  | CWSF100196S-S,Vinyl Wrap ,ft
Avery Dennison SW900 Gloss Emerald Green  | SW900-771-O,Vinyl Wrap ,ft
Avery Dennison SW900 Gloss Spark Red  | SW900-419-M,Vinyl Wrap ,ft
Avery Dennison SF100 Gloss Violet Conform Chrome  | SF100-510-S,Vinyl Wrap ,ft
Avery Dennison SW900 Matte Green Apple Metallic  | SW900-745-M,Vinyl Wrap ,ft
Avery Dennison SW900 Matte Moss Green Metallic  | SW900-737-S,Vinyl Wrap ,ft
Avery Dennison SW900 Satin Hope Green  | SW900-767-S,Vinyl Wrap ,ft
Avery Dennison SW900 Satin Moonstone  | SW900-634-S,Vinyl Wrap ,ft
Avery Dennison SF100 Frozen Matte Blue Conform Chrome  | CWSF100256S-M,Vinyl Wrap ,ft
Avery Dennison SF100 Frozen Satin Gold Conform Chrome  | CWSF100604S-S,Vinyl Wrap ,ft
Avery Dennison SF100 Gloss Protected Silver Conform Chrome  | CWSF100843S-GP,Vinyl Wrap ,ft
Avery Dennison SF100 Matte Silver Conform Chrome  | SF100-844-S,Vinyl Wrap ,ft
Avery Dennison SF100 Gloss Protected Gold Conform Chrome  | CWSF100604S-GP,Vinyl Wrap ,ft
Avery Dennison SF100 Gloss Protected Blue Conform Chrome  | CWSF100256S-GP,Vinyl Wrap ,ft
Avery Dennison SF100 Gloss Protected Red Conform Chrome  | CWSF100474S-GP,Vinyl Wrap ,ft
Avery Dennison SF100 Frozen Matte Black Conform Chrome  | CWSF100196S-M,Vinyl Wrap ,ft
Avery Dennison SF100 Gloss Protected Black Conform Chrome  | CWSF100196S-GP,Vinyl Wrap ,ft
Avery Dennison SF100 Frozen Matte Silver Conform Chrome  | CWSF100843S-M,Vinyl Wrap ,ft
Avery Dennison SF100 Frozen Satin Rose Gold Conform Chrome  | SF100211S-S,Vinyl Wrap ,ft
Avery Dennison SW900 Gloss Pool Party Pink SW900-517-O,Vinyl Wrap ,ft
Avery Dennison SF100 Frozen Matte Gold Conform Chrome  | CWSF100604S-M,Vinyl Wrap ,ft
Avery Dennison SF100 Gloss Protected Violet Conform Chrome  | SF100510S-GP,Vinyl Wrap ,ft
Avery Dennison SW900 Matte Emerald Green Metallic  | SW900-771-M,Vinyl Wrap ,ft
Avery Dennison SF100 Frozen Matte Rose Gold Conform Chrome  | CWSF100211S-M,Vinyl Wrap ,ft
Avery Dennison SW900 Gloss Tropical Vacation Green SW900-701-O,Vinyl Wrap ,ft
Avery Dennison SF100 Frozen Satin Violet Conform Chrome  | SF100510S-S,Vinyl Wrap ,ft
Avery Dennison SF100 Gloss Protected Rose Gold Conform Chrome  | SF100211S-GP,Vinyl Wrap ,ft
Avery Dennison SF100 Frozen Matte Violet Conform Chrome  | SF100510S-M,Vinyl Wrap ,ft
Avery Dennison SW900 Gloss Metallic Popstar Concert Purple SW900-521-M,Vinyl Wrap ,ft
Avery Dennison SW900 Satin Metallic Flamingo Dance  | SW900-501-M,Vinyl Wrap ,ft
Avery Dennison SW900 Satin Jade  | SW900-702-O,Vinyl Wrap ,ft
Avery Dennison SW900 Gloss Pearl Tutu Pink  | SW900-523-M,Vinyl Wrap ,ft
Avery Dennison SW900 Gloss Misty Grey  | SW900-827-O,Vinyl Wrap ,ft
Avery Dennison SW900 Satin Metallic Spy Grey  | SW900-828-M,Vinyl Wrap ,ft
Avery Dennison SW900 Gloss Metallic Vibrant Violet  | SW900-522-M,Vinyl Wrap ,ft
Avery Dennison SW900 Gloss Gold Orange Pearlescent  | SW900-326-S,Vinyl Wrap ,ft
Avery Dennison SW900 Gloss Pure Red SW900-401-M,Vinyl Wrap ,ft
Avery Dennison SW900 Matte Cherry Metallic  | SW900-444-M,Vinyl Wrap ,ft
Avery Dennison SW900 Satin Awesome Orchid  | SW900-502-O,Vinyl Wrap ,ft
Avery Dennison SW900 Gloss Yellow  | SW900-235-O ,Vinyl Wrap ,ft
Avery Dennison SW900 Rugged Marsh Green  | SW900-738-X ,Vinyl Wrap ,ft
Avery Dennison SW900 Satin Urban Jungle  | SW900-786-S,Vinyl Wrap ,ft
Avery Dennison SW900 Rugged Marsh Green  | SW900-738-X ,Vinyl Wrap ,ft
Avery Dennison SW900 Gloss Rushing Riptide  SW900-674-S,Vinyl Wrap ,ft
Avery Dennison  5% NR Series (20 in),Window Tint ,ft
Avery Dennison  5% NR Series (24 in),Window Tint ,ft
Avery Dennison  5% NR Series (36 in),Window Tint ,ft
Avery Dennison  5% NR Series (40 in),Window Tint ,ft
Avery Dennison  20% NR Series (20 in),Window Tint ,ft
Avery Dennison  20% NR Series (24 in),Window Tint ,ft
Avery Dennison  20% NR Series (36 in),Window Tint ,ft
Avery Dennison  20% NR Series (40 in),Window Tint ,ft
Avery Dennison  35% NR Series (20 in),Window Tint ,ft
Avery Dennison  35% NR Series (24 in),Window Tint ,ft
Avery Dennison  35% NR Series (36 in),Window Tint ,ft
Avery Dennison  35% NR Series (40 in),Window Tint ,ft
Avery Dennison  50% NR Series (20 in),Window Tint ,ft
Avery Dennison  50% NR Series (24 in),Window Tint ,ft
Avery Dennison  50% NR Series (36 in),Window Tint ,ft
Avery Dennison  50% NR Series (40 in),Window Tint ,ft
Avery Dennison  5% NR Pro Series (20 in),Window Tint ,ft
Avery Dennison  5% NR Pro Series (24 in),Window Tint ,ft
Avery Dennison  5% NR Pro Series (40 in),Window Tint ,ft
Avery Dennison  20% NR Pro Series (20 in),Window Tint ,ft
Avery Dennison  20% NR Pro Series (24 in),Window Tint ,ft
Avery Dennison  20% NR Pro Series (40 in),Window Tint ,ft
Avery Dennison  35% NR Pro Series (20 in),Window Tint ,ft
Avery Dennison  35% NR Pro Series (24 in),Window Tint ,ft
Avery Dennison  35% NR Pro Series (40 in),Window Tint ,ft
Avery Dennison  50% NR Pro Series  (20 in),Window Tint ,ft
Avery Dennison  50% NR Pro Series (24 in),Window Tint ,ft
Avery Dennison  50% NR Pro Series (40 in),Window Tint ,ft
Avery Dennison  5%  NR Nano Ceramic IR Series (20 in),Window Tint ,ft
Avery Dennison  5%  NR Nano Ceramic IR Series (24 in),Window Tint ,ft
Avery Dennison  5%  NR Nano Ceramic IR Series (36 in),Window Tint ,ft
Avery Dennison  5%  NR Nano Ceramic IR Series (40 in),Window Tint ,ft
Avery Dennison  20% NR Nano Ceramic IR Series (20 in),Window Tint ,ft
Avery Dennison  20% NR Nano Ceramic IR Series (24 in),Window Tint ,ft
Avery Dennison  20% NR Nano Ceramic IR Series (36 in),Window Tint ,ft
Avery Dennison  20% NR Nano Ceramic IR Series (40 in),Window Tint ,ft
Avery Dennison  35% NR Nano Ceramic IR Series (20 in),Window Tint ,ft
Avery Dennison  35% NR Nano Ceramic IR Series (24 in),Window Tint ,ft
Avery Dennison  35% NR Nano Ceramic IR Series (36 in),Window Tint ,ft
Avery Dennison  35% NR Nano Ceramic IR Series (40 in),Window Tint ,ft
Avery Dennison  50% NR Nano Ceramic IR Series (20 in),Window Tint ,ft
Avery Dennison  50% NR Nano Ceramic IR Series (24 in),Window Tint ,ft
Avery Dennison  50% NR Nano Ceramic IR Series (36 in),Window Tint ,ft
Avery Dennison  50% NR Nano Ceramic IR Series (40 in),Window Tint ,ft
Avery Dennison  5% Encore (40 in),Window Tint ,ft
Avery Dennison 5% Encore (60 in),Window Tint ,ft
Avery Dennison 20% Encore  (40 in),Window Tint ,ft
Avery Dennison 20% Encore (60 in),Window Tint ,ft
Avery Dennison 35% Encore  (40 in),Window Tint ,ft
Avery Dennison 35% Encore (60 in),Window Tint ,ft
Avery Dennison 50% Encore (40 in),Window Tint ,ft
Avery Dennison 50% Encore (60 in),Window Tint ,ft
Avery Dennison 5% Encore Supreme  Film (40 in),Window Tint ,ft
Avery Dennison 5% Encore Supreme  Film (60 in),Window Tint ,ft
Avery Dennison 15% Encore Supreme  Film (40 in),Window Tint ,ft
Avery Dennison 15% Encore Supreme  Film (60 in),Window Tint ,ft
Avery Dennison 20% Encore Supreme  Film (40 in),Window Tint ,ft
Avery Dennison 20% Encore Supreme  Film (60 in),Window Tint ,ft
Avery Dennison 30% Encore Supreme  Film (40 in),Window Tint ,ft
Avery Dennison 30% Encore Supreme  Film (60 in),Window Tint ,ft
Avery Dennison 35% Encore Supreme  Film (40 in),Window Tint ,ft
Avery Dennison 35% Encore Supreme  Film (60 in),Window Tint ,ft
Avery Dennison 40% Encore Supreme  Film (40 in),Window Tint ,ft
Avery Dennison 40% Encore Supreme  Film (60 in),Window Tint ,ft
Avery Dennison 50% Encore Supreme  Film (40 in),Window Tint ,ft
Avery Dennison 50% Encore Supreme  Film (60 in),Window Tint ,ft
Avery Dennison 5% Encore IR Supreme  Film (40 in),Window Tint ,ft
Avery Dennison 5% Encore IR Supreme  Film (60 in),Window Tint ,ft
Avery Dennison 15% Encore IR Supreme  Film (40 in),Window Tint ,ft
Avery Dennison 15% Encore IR Supreme  Film (60 in),Window Tint ,ft
Avery Dennison 25% Encore IR Supreme  Film (40 in),Window Tint ,ft
Avery Dennison 25% Encore IR Supreme  Film (60 in),Window Tint ,ft
Avery Dennison 35% Encore IR Supreme  Film (40 in),Window Tint ,ft
Avery Dennison 35% Encore IR Supreme  Film (60 in),Window Tint ,ft
Avery Dennison 45% Encore IR Supreme  Film (40 in),Window Tint ,ft
Avery Dennison 45% Encore IR Supreme  Film (60 in),Window Tint ,ft
Avery Dennison 55% Encore IR Supreme  Film (40 in),Window Tint ,ft
Avery Dennison 55% Encore IR Supreme  Film (60 in),Window Tint ,ft
Avery Dennison Supreme Defense™ Gloss (30 in),Paint Protection Film(PPF),ft
Avery Dennison Supreme Defense™ Gloss (60 in),Paint Protection Film(PPF),ft
Avery Dennison Supreme Defense™ Matte (60 in),Paint Protection Film(PPF),ft
Avery Dennison Neo Noir Hybrid Gloss Black (60 in),Paint Protection Film(PPF),ft
Hexis Gloss Deep Black  | HX20890B,Vinyl Wrap ,ft
Hexis Gloss Fluorescent Yellow  | HX20613B,Vinyl Wrap ,ft
Hexis Gloss Indian Pink Glitter  | HX20RINB,Vinyl Wrap ,ft
Hexis Gloss Tiffany Blue  | HX20BTIB,Vinyl Wrap ,ft
Hexis Black Forged Carbon Fiber  | HX30CAF89S,Vinyl Wrap ,ft
Hexis Gloss Jellybean Pink Glitter  | HX20RDRB,Vinyl Wrap ,ft
Hexis Gloss Elderberry Purple  | HX20352B,Vinyl Wrap ,ft
Hexis Matte Deep Black  | HX20NPRM,Vinyl Wrap ,ft
Hexis Gloss Blood Red  | HX20200B,Vinyl Wrap ,ft
Hexis Gloss Black Sparkle Fine Glitter  | HX20NEPB,Vinyl Wrap ,ft
Hexis Gloss Night Blue Metallic  | HX20905B,Vinyl Wrap ,ft
Hexis Gloss Sherwood Green  | HX20V14B,Vinyl Wrap ,ft
Hexis Satin Deep Black  | HX20NPRS,Vinyl Wrap ,ft
Hexis Satin Black Honeycomb  | HX30HC889S,Vinyl Wrap ,ft
Hexis Gloss Wasabi Green  | HX20228B,Vinyl Wrap ,ft
Hexis Gloss Glacier White  | HX20003B,Vinyl Wrap ,ft
Hexis Gloss Garnet Red Glitter  | HX20RGRB,Vinyl Wrap ,ft
Hexis Gloss Catechu Black Glitter  | HX20NCAB,Vinyl Wrap ,ft
Hexis Gloss Vampire Black  | HX20N03B,Vinyl Wrap ,ft
Hexis Gloss Zenith Orange  | HX20585B,Vinyl Wrap ,ft
Hexis Gloss Fluorescent Orange  | HX20614B,Vinyl Wrap ,ft
Hexis Gloss White Rainbow  | HX30RW002B,Vinyl Wrap ,ft
Hexis Matte Golden Black  | HX30N71M,Vinyl Wrap ,ft
Hexis Gloss Byzantine Violet Glitter  | HX20VBYB,Vinyl Wrap ,ft
Hexis Gloss Silver Super Chrome  | HX30SCH01B,Vinyl Wrap ,ft
Hexis Gloss Black Rainbow  | HX30RW889B,Vinyl Wrap ,ft
Hexis Gloss Fluorescent Green  | HX20612B,Vinyl Wrap ,ft
Hexis Gloss Chameleon Gray Vinyl Wrap | HX30G446B,Vinyl Wrap ,ft
Hexis Gloss Redcurrent Red  | HX30RGOB,Vinyl Wrap ,ft
Hexis Gloss Ashen Beige Metallic  | HX20BCMB,Vinyl Wrap ,ft
Hexis Gloss Gold Super Chrome  | HX30SCH07B,Vinyl Wrap ,ft
Hexis Gloss Pigeon Blue  | HX20315B,Vinyl Wrap ,ft
Hexis Gloss Aurora Orange Glitter  | HX20OAUB,Vinyl Wrap ,ft
Hexis Gloss Light Green  | HX20375B,Vinyl Wrap ,ft
Hexis Gloss Saturn White Glitter  | HX20BSAB,Vinyl Wrap ,ft
Hexis Gloss Triton Blue Fine Glitter  | HX20P005B,Vinyl Wrap ,ft
Hexis Gloss Apollo Blue Fine Glitter  | HX20P004B,Vinyl Wrap ,ft
Hexis Gloss Racing Red Vinyl Wrap | HX20R05B,Vinyl Wrap ,ft
Hexis Gloss Ice White  | HX20500B,Vinyl Wrap ,ft
Hexis Gloss Zeus Gold Fine Glitter  | HX20P001B,Vinyl Wrap ,ft
Hexis Matte Wasabi Green  | HX20228M,Vinyl Wrap ,ft
Hexis Gloss Firmament Blue  | HX20033B,Vinyl Wrap ,ft
Hexis Gloss Toxic Green  | HX20V24B,Vinyl Wrap ,ft
Hexis Gloss Fjord Blue Glitter  | HX20BFJB,Vinyl Wrap ,ft
Hexis Gloss Meteorite Gray Metallic  | HX20990B,Vinyl Wrap ,ft
Hexis Gloss White Sparkle Metallic Vinyl Wrap | HX20BLPB,Vinyl Wrap ,ft
Hexis Gloss Montpellier Blue  | HX20299B,Vinyl Wrap ,ft
Hexis Gloss Candy Pink  | HX20PCAB,Vinyl Wrap ,ft
Hexis Gloss Red Super Chrome  | HX30SCH02B,Vinyl Wrap ,ft
Hexis Gloss Gray Rainbow  | HX30RW990B,Vinyl Wrap ,ft
Hexis Satin Santi Gray Metallic  | HX20G03S,Vinyl Wrap ,ft
Hexis Gloss Jazz Blue  | HX20B32B,Vinyl Wrap ,ft
Hexis Gloss Urban Orange Vinyl Wrap | HX20495B,Vinyl Wrap ,ft
Hexis Gloss Shark Gray  | HX20423B,Vinyl Wrap ,ft
Hexis Gloss Ebonite Black Chrome  | HX30SCH13B,Vinyl Wrap ,ft
Hexis Gloss Blue Super Chrome  | HX30SCH05B,Vinyl Wrap ,ft
Hexis Gloss Ruby Red  | HX20186B,Vinyl Wrap ,ft
Hexis Gloss Niagara Blue  | HX20284B,Vinyl Wrap ,ft
Hexis Gloss Yas Marina Blue Metallic  | HX20646B,Vinyl Wrap ,ft
Hexis Gloss Mandarin Red  | HX20165B,Vinyl Wrap ,ft
Hexis Gloss Turquoise Super Chrome  | HX30SCH09B,Vinyl Wrap ,ft
Hexis Gloss Rose Gold Super Chrome  | HX30SCH12B,Vinyl Wrap ,ft
Hexis Satin Silver Super Chrome  | HX30SCH01S,Vinyl Wrap ,ft
Hexis Gloss Black Fine Grain Leather  | HX30PG889B,Vinyl Wrap ,ft
Hexis Gloss Lemon Yellow  | HX20108B,Vinyl Wrap ,ft
Hexis Gloss Pink Super Chrome  | HX30SCH10B,Vinyl Wrap ,ft
Hexis Satin Pink Super Chrome  | HX30SCH10S,Vinyl Wrap ,ft
Hexis Satin Red Super Chrome  | HX30SCH02S,Vinyl Wrap ,ft
Hexis Gloss Curacao Blue  | HX20293B,Vinyl Wrap ,ft
Hexis Satin Celestial Blue Metallic  | HX20236S,Vinyl Wrap ,ft
Hexis Gloss Purple Super Chrome Vinyl Wrap | HX30SCH06B,Vinyl Wrap ,ft
Hexis Gloss Titanium Super Chrome  | HX30SCH03B,Vinyl Wrap ,ft
Hexis Satin Argentic Gray  | HX20G04S,Vinyl Wrap ,ft
Hexis Gloss Aston Gray  | HX20G07B,Vinyl Wrap ,ft
Hexis Satin Orange Super Chrome  | HX30SCH08S,Vinyl Wrap ,ft
Hexis Satin Nacre White  | HX20BNCS,Vinyl Wrap ,ft
Hexis Gloss Damask Violet  | HX20V18B,Vinyl Wrap ,ft
Hexis Gloss South Sea Blue  | HX20B11B,Vinyl Wrap ,ft
Hexis Matte Military Green  | HX20VMIM,Vinyl Wrap ,ft
Hexis Satin Gold Super Chrome  | HX30SCH07S,Vinyl Wrap ,ft
Hexis Matte Frozen Gray Metallic  | HX20GGIM,Vinyl Wrap ,ft
Hexis Gloss Yellow Metallic  | HX20558B,Vinyl Wrap ,ft
Hexis Gloss Fuchsia  | HX20220B,Vinyl Wrap ,ft
Hexis Gloss Orange Super Chrome  | HX30SCH08B,Vinyl Wrap ,ft
Hexis Gloss Apple Green  | HX20369B,Vinyl Wrap ,ft
Hexis Gloss Mountain Peak White  | HX20012B,Vinyl Wrap ,ft
Hexis Gloss Black Carbon One  | HX30CAONEB,Vinyl Wrap ,ft
Hexis Gloss Pearl Gray  | HX20445B,Vinyl Wrap ,ft
Hexis Gloss Arabica Copper Chrome  | HX30SCH15B,Vinyl Wrap ,ft
Hexis Matte Black Sparkle Fine Glitter  | HX20NEPM,Vinyl Wrap ,ft
Hexis Satin Rose Gold Super Chrome  | HX30SCH12S,Vinyl Wrap ,ft
Hexis Gloss Red Embers  | HX20485B,Vinyl Wrap ,ft
Hexis Gloss Abyssal Blue  | HX20532B,Vinyl Wrap ,ft
Hexis Gloss Fluorescent Red  | HX20615B,Vinyl Wrap ,ft
Hexis Gloss Taxi Beige  | HX20BTXB,Vinyl Wrap ,ft
Hexis Gloss Taxi Beige  | HX20BTXB,Vinyl Wrap ,ft
Hexis Gloss Light Blue Super Chrome  | HX30SCH11B,Vinyl Wrap ,ft
Hexis Matte Adventure Green  | HX20VAVM,Vinyl Wrap ,ft
Hexis Gloss Green Super Chrome  | HX30SCH04B,Vinyl Wrap ,ft
Hexis Gloss Austral Sea Iridescent  | HX30IMAB,Vinyl Wrap ,ft
Hexis Matte Anthracite Gray Metallic  | HX20GANM,Vinyl Wrap ,ft
Hexis Gloss Plum Violet  | HX20008B,Vinyl Wrap ,ft
Hexis Gloss Ivory  | HX20468B,Vinyl Wrap ,ft
Hexis Satin Blue Super Chrome  | HX30SCH05S,Vinyl Wrap ,ft
Hexis Satin Turquoise Super Chrome  | HX30SCH09S,Vinyl Wrap ,ft
Hexis Gloss Arctic White Alligator  | HX30AL003B,Vinyl Wrap ,ft
Hexis Matte Boston Green  | HX30VBOM,Vinyl Wrap ,ft
Hexis Matte Redcurrent Red  | HX30RGOM,Vinyl Wrap ,ft
Hexis Gloss Nacre White Variochrome  | HX30BNCB,Vinyl Wrap ,ft
Hexis Satin Titanium Super Chrome  | HX30SCH03S,Vinyl Wrap ,ft
Hexis Gloss Drosera Green  | HX20V16B,Vinyl Wrap ,ft
Hexis Satin Arabica Copper Chrome  | HX30SCH15S,Vinyl Wrap ,ft
Hexis Gloss Purple Metallic  | HX20528B,Vinyl Wrap ,ft
Hexis Satin Red Alu  | HX20196S,Vinyl Wrap ,ft
Hexis Gloss Cinder Rose Metallic  | HX20437B,Vinyl Wrap ,ft
Hexis Satin Racing Light Blue  | HX20521S,Vinyl Wrap ,ft
Hexis Gloss Havana Brown  | HX20731B,Vinyl Wrap ,ft
Hexis Matte Florida Yellow  | HX20548M,Vinyl Wrap ,ft
Hexis Satin Purple Super Chrome  | HX30SCH06S,Vinyl Wrap ,ft
Hexis Gloss Pitch Black Alligator  | HX30AL890B,Vinyl Wrap ,ft
Hexis Gloss Mystery Black  | HX20NMYB,Vinyl Wrap ,ft
Hexis Satin Green Super Chrome  | HX30SCH04S,Vinyl Wrap ,ft
Hexis Satin Ara Blue Metallic  | HX20219S,Vinyl Wrap ,ft
Hexis Matte Cinder Rose Metallic  | HX20437M,Vinyl Wrap ,ft
Hexis Satin Lime Green Chrome  | HX30SCH14S,Vinyl Wrap ,ft
Hexis Gloss Polaris Blue  | HX20B37B,Vinyl Wrap ,ft
Hexis Satin Fluorescent Red  | HX20615S,Vinyl Wrap ,ft
Hexis Matte Jaipur Yellow  | HX20JJAM,Vinyl Wrap ,ft
Hexis Satin Acid Green  | HX20266S,Vinyl Wrap ,ft
Hexis Satin Light Blue Super Chrome  | HX30SCH11S,Vinyl Wrap ,ft
Hexis Gloss Cloud Gray  | HX20428B,Vinyl Wrap ,ft
Hexis Satin Deep Black Wet  | HX20890W,Vinyl Wrap ,ft
Hexis Gloss Lime Green Chrome  | HX30SCH14B,Vinyl Wrap ,ft
Hexis Gloss Chestnut Fine Grain Leather  | HX30PGMBRB,Vinyl Wrap ,ft
Hexis Satin Lady Pink  | HX20R11S,Vinyl Wrap ,ft
Hexis Gloss Pleaides Grey  | HX20G12B,Vinyl Wrap ,ft
Hexis Gloss Taupe Gray Fine Grain Leather  | HX30PGGTAB,Vinyl Wrap ,ft
Hexis Satin Naiad Green  | HX20VNAS,Vinyl Wrap ,ft
Hexis Gloss Boston Green  | HX30VBOB,Vinyl Wrap ,ft
Hexis Gloss Lady Pink  | HX20R11B,Vinyl Wrap ,ft
Hexis Gloss Brown  | HX20476B (Special Order),Vinyl Wrap ,ft
Hexis Gloss Canyon Bronze Metal  | HX20661B,Vinyl Wrap ,ft
Hexis Gloss Boreal Forest Iridescent HX30IFBB,Vinyl Wrap ,ft
Hexis Gloss Olive Green  | HX20VOLB,Vinyl Wrap ,ft
Hexis Gloss Fairway Green Metallic  | HX20VFAB,Vinyl Wrap ,ft
Hexis Gloss Dust Gray  | HX20G06B ,Vinyl Wrap ,ft
Hexis Gloss Elephant Gray  | HX20446B ,Vinyl Wrap ,ft
Hexis Matte Night Blue Metallic  | HX20905M ,Vinyl Wrap ,ft
Hexis Gloss Pearl White Variochrome  | HX30BPEB,Vinyl Wrap ,ft
Hexis Gloss Scottish Green  | HX20VECB,Vinyl Wrap ,ft
Hexis Gloss Ephese Blue  | HX20B36B,Vinyl Wrap ,ft
Hexis Matte Mandarin Red  | HX20165M ,Vinyl Wrap ,ft
Hexis Satin Scarlet Fever Red Super Chrome  | HX30SCH16S,Vinyl Wrap ,ft
Hexis Gloss Marrakech Brown Metallic  | HX20MMAB ,Vinyl Wrap ,ft
Hexis Gloss Daffodil Yellow  | HX20123B ,Vinyl Wrap ,ft
Hexis Gloss Coal Black  | HX20889B ,Vinyl Wrap ,ft
Hexis Matte Fuchsia  | HX20220M ,Vinyl Wrap ,ft
Hexis Matte Marrakech Brown Metallic  | HX20MMAM,Vinyl Wrap ,ft
Hexis Gloss Polar White  | HX20001B ,Vinyl Wrap ,ft
Hexis Gloss Century Green  | HX20V19B,Vinyl Wrap ,ft
Hexis Gloss Bronze Gray Metallic  | HX20948B,Vinyl Wrap ,ft
Hexis Gloss Pinkstar  | HX20R22B,Vinyl Wrap ,ft
Hexis Matte Blood Red  | HX20200M ,Vinyl Wrap ,ft
Hexis Satin Deep Purple Wet  | HX20V43W,Vinyl Wrap ,ft
Hexis Satin Canyon Bronze Metallic  | HX20661S ,Vinyl Wrap ,ft
Hexis Matte Light Green  | HX20375M ,Vinyl Wrap ,ft
Hexis Gloss Lapland White  | HX20002B ,Vinyl Wrap ,ft
Hexis Satin Rigel Blue Super Chrome  | HX30SCH17S,Vinyl Wrap ,ft
Hexis Satin Deep Ocean Wet  | HX20B52W,Vinyl Wrap ,ft
Hexis Gloss Goddess Purple  | HX20V44B,Vinyl Wrap ,ft
Hexis Gloss Coffee Brown  | HX20MCAB ,Vinyl Wrap ,ft
Hexis Gloss Blue Lilac  | HX20B51B,Vinyl Wrap ,ft
Hexis Gloss Light Red  | HX20R21B,Vinyl Wrap ,ft
Hexis Matte Raven Black Carbon Fiber  | HX30CANCOB ,Vinyl Wrap ,ft
Hexis Gloss Pacific Blue  | HX20280B ,Vinyl Wrap ,ft
Hexis Matte Turquoise Blue  | HX20BTUM ,Vinyl Wrap ,ft
Hexis Gloss Sun Yellow  | HX20109B,Vinyl Wrap ,ft
Hexis Satin Alloy Grey Wet  | HX20G15W,Vinyl Wrap ,ft
Hexis Satin Canopy Green Super Chrome  | HX30SCH18S,Vinyl Wrap ,ft
Hexis Matte Lemon Yellow  | HX20108M ,Vinyl Wrap ,ft
Hexis Matte Meteorite Gray Metallic  | HX20990M,Vinyl Wrap ,ft
Hexis Gloss Emerald Green  | HX20348B ,Vinyl Wrap ,ft
Hexis Gloss Neon Blue  | HX30BNEB ,Vinyl Wrap ,ft
Hexis Gloss Night Blue  | HX20281B,Vinyl Wrap ,ft
Hexis Matte Lapland White  | HX20002M ,Vinyl Wrap ,ft
Hexis Brushed Aluminum  | HX30BASILB ,Vinyl Wrap ,ft
Hexis Gloss Sapphire Blue  | HX20300B ,Vinyl Wrap ,ft
Hexis Matte Glacier White  | HX20003M ,Vinyl Wrap ,ft
Hexis Ultra Gloss Petroleum Black Carbon Fiber  | HX30CANPEB ,Vinyl Wrap ,ft
Hexis Gloss Black Carbon Fiber  | HX30CA890B,Vinyl Wrap ,ft
Hexis Gloss Honey Yellow  | HX20JMIB ,Vinyl Wrap ,ft
Hexis Brushed Aluminum Anthracite Gray  | HX30BAGANB,Vinyl Wrap ,ft
Hexis Gloss Silver  | HX20877B ,Vinyl Wrap ,ft
Hexis Gloss Dark Grey  | HX20432B ,Vinyl Wrap ,ft
Hexis Matte Golden Black  | HX30N71M,Vinyl Wrap ,ft
Hexis Gloss Gray Rainbow  | HX30RW990B,Vinyl Wrap ,ft
Hexis Gloss Chameleon Gray  | HX30G446B ,Vinyl Wrap ,ft
Hexis Matte Redcurrent Red  | HX30RGOM ,Vinyl Wrap ,ft
Hexis Gloss Abyssal Blue  | HX20532B ,Vinyl Wrap ,ft
Hexis Gloss Racing Red  | HX20R05B ,Vinyl Wrap ,ft
Hexis Satin Celestial Blue Metallic  | HX20236S ,Vinyl Wrap ,ft
Hexis Satin Lime Green Chrome  HX30SCH14S ,Vinyl Wrap ,ft
Hexis Satin Titanium Super Chrome  HX30SCH03S ,Vinyl Wrap ,ft
Hexis Gloss Pearl White Carbon Fiber  | HX30CABPEB ,Vinyl Wrap ,ft
Hexis Gloss Graphite Gray Carbon Fiber  | HX30CAGGRB ,Vinyl Wrap ,ft
Hexis 5% MAJESTIK (20 in),Window Tint ,ft
Hexis 15% MAJESTIK (20 in),Window Tint ,ft
Hexis 25% MAJESTIK (20 in),Window Tint ,ft
Hexis 50% MAJESTIK (20 in),Window Tint ,ft
Hexis 70% MAJESTIK (20 in),Window Tint ,ft
Hexis 85% MAJESTIK (20 in),Window Tint ,ft
Hexis 5% MAJESTIK (30 in),Window Tint ,ft
Hexis 15% MAJESTIK (30 in),Window Tint ,ft
Hexis 25% MAJESTIK (30 in),Window Tint ,ft
Hexis 50% MAJESTIK (30 in),Window Tint ,ft
Hexis 70% MAJESTIK (30 in),Window Tint ,ft
Hexis 85% MAJESTIK (30 in),Window Tint ,ft
Hexis 5% MAJESTIK (60 in),Window Tint ,ft
Hexis 15% MAJESTIK (60 in),Window Tint ,ft
Hexis 25% MAJESTIK (60 in),Window Tint ,ft
Hexis 50% MAJESTIK (60 in),Window Tint ,ft
Hexis 70% MAJESTIK (60 in),Window Tint ,ft
Hexis 85% MAJESTIK (60 in),Window Tint ,ft
Hexis 5% SKYSTAR (20 in),Window Tint ,ft
Hexis 15% SKYSTAR (20 in),Window Tint ,ft
Hexis 25% SKYSTAR (20 in),Window Tint ,ft
Hexis 35% SKYSTAR (20 in),Window Tint ,ft
Hexis 70% SKYSTAR (20 in),Window Tint ,ft
Hexis 5% SKYSTAR (30 in),Window Tint ,ft
Hexis 15% SKYSTAR (30 in),Window Tint ,ft
Hexis 25% SKYSTAR (30 in),Window Tint ,ft
Hexis 35% SKYSTAR (30 in),Window Tint ,ft
Hexis 70% SKYSTAR (30 in),Window Tint ,ft
Hexis 5% SKYSTAR (60 in),Window Tint ,ft
Hexis 15% SKYSTAR (60 in),Window Tint ,ft
Hexis 25% SKYSTAR (60 in),Window Tint ,ft
Hexis 35% SKYSTAR (60 in),Window Tint ,ft
Hexis 70% SKYSTAR (60 in),Window Tint ,ft
Hexis 5% HFBLACK (20 in),Window Tint ,ft
Hexis 15% HFBLACK (20 in),Window Tint ,ft
Hexis 25% HFBLACK (20 in),Window Tint ,ft
Hexis 35% HFBLACK (20 in),Window Tint ,ft
Hexis 50% HFBLACK (20 in),Window Tint ,ft
Hexis 5% HFBLACK (30 in),Window Tint ,ft
Hexis 15% HFBLACK (30 in),Window Tint ,ft
Hexis 25% HFBLACK (30 in),Window Tint ,ft
Hexis 35% HFBLACK (30 in),Window Tint ,ft
Hexis 50% HFBLACK (30 in),Window Tint ,ft
Hexis 5% HFBLACK (60 in),Window Tint ,ft
Hexis 15% HFBLACK (60 in),Window Tint ,ft
Hexis 25% HFBLACK (60 in),Window Tint ,ft
Hexis 35% HFBLACK (60 in),Window Tint ,ft
Hexis 50% HFBLACK (60 in),Window Tint ,ft
Hexis BODYFENCE Gloss,Paint Protection Film(PPF),ft
Hexis BODYFENCE Matte,Paint Protection Film(PPF),ft
Hexis BODYFENCE X,Paint Protection Film(PPF),ft
Hexis BODYFENCE Black Gloss,Paint Protection Film(PPF),ft
Hexis BODYFENCE Black Matte,Paint Protection Film(PPF),ft
Hexis BLACKLIGHT,Paint Protection Film(PPF),ft
Hexis BFWIDE,Paint Protection Film(PPF),ft
Hexis CARPRO300,Paint Protection Film(PPF),ft
Hexis DFENCEXTRM,Paint Protection Film(PPF),ft
Orafol 970RA Gloss Charcoal Metallic Vinyl Wrap | 970RA-937,Vinyl Wrap ,ft
Orafol 970RA Gloss Graphite Metallic Vinyl Wrap | 970RA-932,Vinyl Wrap ,ft
Orafol 970RA Gloss Luscious Lips Vinyl Wrap | 970RA-961,Vinyl Wrap ,ft
Orafol 970RA Gloss Fir Tree Green Metallic Vinyl Wrap | 970RA-677,Vinyl Wrap ,ft
Orafol 970RA Gloss Sunset Shift Vinyl Wrap | 970RA-100,Vinyl Wrap ,ft
Orafol 970RA Gloss Black Vinyl Wrap | 970RA-070,Vinyl Wrap ,ft
Orafol 970RA Gloss White Vinyl Wrap | 970RA-010,Vinyl Wrap ,ft
Orafol 970RA Gloss Tangerine Dream Vinyl Wrap | 970RA-959,Vinyl Wrap ,ft
Orafol 970RA Gloss Red Brown Metallic Vinyl Wrap | 970RA-369,Vinyl Wrap ,ft
Orafol 970RA Gloss Crystal White Vinyl Wrap | 970RA-945,Vinyl Wrap ,ft
Orafol 970RA Gloss Silver Gray Metallic Vinyl Wrap | 970RA-090,Vinyl Wrap ,ft
Orafol 970RA Gloss Aquamarine Vinyl Wrap | 970RA-318,Vinyl Wrap ,ft
Orafol 970RA Gloss Deep Blue Metallic Vinyl Wrap | 970RA-192,Vinyl Wrap ,ft
Orafol 970RA Gloss Jetstream Blue Vinyl Wrap | 970RA-963,Vinyl Wrap ,ft
Orafol 970RA Gloss Chili Red Vinyl Wrap | 970RA-371,Vinyl Wrap ,ft
Orafol 970RA Gloss Nacre Metallic Vinyl Wrap | 970RA-946,Vinyl Wrap ,ft
Orafol 970RA Gloss Gray Cast Iron Metallic Vinyl Wrap | 970RA-935,Vinyl Wrap ,ft
Orafol 970RA Gloss Turquoise Lavender Vinyl Wrap | 970RA-989,Vinyl Wrap ,ft
Orafol 970RA Gloss Night Blue Metallic Vinyl Wrap | 970RA-196,Vinyl Wrap ,ft
Orafol 970RA Gloss Brass Metallic Vinyl Wrap | 970RA-922,Vinyl Wrap ,ft
Orafol 970RA Gloss Soft Pink Vinyl Wrap | 970RA-045,Vinyl Wrap ,ft
Orafol 970RA Gloss Ultramarine Violet Vinyl Wrap | 970RA-319,Vinyl Wrap ,ft
Orafol 970RA Gloss Green Blue Vinyl Wrap | 970RA-988,Vinyl Wrap ,ft
Orafol 970RA Gloss Dark Red Vinyl Wrap | 970RA-030,Vinyl Wrap ,ft
Orafol 970RA Gloss Tin Metallic Vinyl Wrap | 970RA-933,Vinyl Wrap ,ft
Orafol 970RA Gloss Intergalactic Blue Vinyl Wrap | 970RA-155,Vinyl Wrap ,ft
Orafol 970RA Gloss Fir Tree Green Vinyl Wrap | 970RA-622,Vinyl Wrap ,ft
Orafol 970RA Gloss Bronze Antique Metallic Vinyl Wrap | 970RA-921,Vinyl Wrap ,ft
Orafol 970RA Gloss Black Metallic Vinyl Wrap | 970RA-704,Vinyl Wrap ,ft
Orafol 970RA Gloss Violet Metallic Vinyl Wrap | 970RA-406,Vinyl Wrap ,ft
Orafol 970RA Gloss Telemagenta Vinyl Wrap | 970RA-077,Vinyl Wrap ,ft
Orafol 970RA Gloss Geranium Red Vinyl Wrap | 970RA-305,Vinyl Wrap ,ft
Orafol 975 Black Honeycomb Vinyl Wrap | 975HC-070,Vinyl Wrap ,ft
Orafol 970RA Matte Charcoal Metallic Vinyl Wrap | 970RA-937M,Vinyl Wrap ,ft
Orafol 970RA Gloss Black Galactic Gold Vinyl Wrap | 970RA-905,Vinyl Wrap ,ft
Orafol 970RA Gloss Juniper Vinyl Wrap | 970RA-689,Vinyl Wrap ,ft
Orafol 970RA Gloss Dove Blue Metallic Vinyl Wrap | 970RA-195,Vinyl Wrap ,ft
Orafol 970RA Gloss Anthracite Metallic Vinyl Wrap | 970RA-093,Vinyl Wrap ,ft
Orafol 970RA Gloss Telegrey Vinyl Wrap | 970RA-076,Vinyl Wrap ,ft
Orafol 970RA Gloss Purple Red Vinyl Wrap | 970RA-026,Vinyl Wrap ,ft
Orafol 970RA Gloss Azure Blue Metallic Vinyl Wrap | 970RA-197,Vinyl Wrap ,ft
Orafol 970RA Gloss Amethyst Vinyl Wrap | 970RA-316,Vinyl Wrap ,ft
Orafol 970RA Matte Black Vinyl Wrap | 970RA-070M,Vinyl Wrap ,ft
Orafol 970RA Gloss Aluminum Metallic Vinyl Wrap | 970RA-908,Vinyl Wrap ,ft
Orafol 970RA Gloss Ice Blue Vinyl Wrap | 970RA-056,Vinyl Wrap ,ft
Orafol 970RA Matte Ultramarine Violet Vinyl Wrap | 970RA-319M,Vinyl Wrap ,ft
Orafol 970RA Gloss Bottle Green Vinyl Wrap | 970RA-286,Vinyl Wrap ,ft
Orafol 970RA Gloss Daggi Orange Vinyl Wrap | 970RA-363,Vinyl Wrap ,ft
Orafol 970RA Gloss Mandarin Vinyl Wrap | 970RA-300,Vinyl Wrap ,ft
Orafol 970RA Gloss Pyrite Metallic Vinyl Wrap | 970RA-926,Vinyl Wrap ,ft
Orafol 970RA Gloss Cardinal Red Vinyl Wrap | 970RA-028,Vinyl Wrap ,ft
Orafol 970RA Gloss Gold Metallic Vinyl Wrap | 970RA-091,Vinyl Wrap ,ft
Orafol 970RA Gloss Fjord Blue Vinyl Wrap | 970RA-547,Vinyl Wrap ,ft
Orafol 970RA Matte Aubergine Bronze Vinyl Wrap | 970RA-990M,Vinyl Wrap ,ft
Orafol 970RA Gloss Papyrus Vinyl Wrap | 970RA-816,Vinyl Wrap ,ft
Orafol 975 Deep Blue Metallic Honeycomb Vinyl Wrap | 975HC-192,Vinyl Wrap ,ft
Orafol 970RA Gloss Lagoon Vinyl Wrap | 970RA-553,Vinyl Wrap ,ft
Orafol 970RA Gloss Cranberry Vinyl Wrap | 970RA-320,Vinyl Wrap ,ft
Orafol 970RA Gloss Zinc Metallic Vinyl Wrap | 970RA-934,Vinyl Wrap ,ft
Orafol 970RA Matte Silver Gray Metallic Vinyl Wrap | 970RA-090M,Vinyl Wrap ,ft
Orafol 970RA Gloss Silverlake Metallic Vinyl Wrap | 970RA-904,Vinyl Wrap ,ft
Orafol 970RA Matte Mint Vinyl Wrap | 970RA-055M,Vinyl Wrap ,ft
Orafol 970RA Matte Aquamarine Vinyl Wrap | 970RA-318M,Vinyl Wrap ,ft
Orafol 970RA Gloss Stone Gray Vinyl Wrap | 970RA-711,Vinyl Wrap ,ft
Orafol 970RA Gloss Mint Vinyl Wrap | 970RA-055,Vinyl Wrap ,ft
Orafol 975 Geranium Red Carbon Fiber Vinyl Wrap | 975CA-305,Vinyl Wrap ,ft
Orafol 970RA Matte Night Blue Metallic Vinyl Wrap | 970RA-196M,Vinyl Wrap ,ft
Orafol 970RA Matte Sunset Shift Vinyl Wrap | 970RA-100M,Vinyl Wrap ,ft
Orafol 970RA Matte Graphite Metallic Vinyl Wrap | 970RA-932M,Vinyl Wrap ,ft
Orafol 970RA Gloss Traffic Blue Vinyl Wrap | 970RA-057,Vinyl Wrap ,ft
Orafol 970RA Gloss Aubergine Bronze Vinyl Wrap | 970RA-990,Vinyl Wrap ,ft
Orafol 970RA Gloss Golden Yellow Vinyl Wrap | 970RA-020,Vinyl Wrap ,ft
Orafol 970RA Matte Turquoise Lavender Vinyl Wrap | 970RA-989M,Vinyl Wrap ,ft
Orafol 970RA Gloss Police Green Vinyl Wrap | 970RA-612,Vinyl Wrap ,ft
Orafol 970RA Matte Dark Gray Vinyl Wrap | 970RA-073M,Vinyl Wrap ,ft
Orafol 970RA Gloss Light Yellow Vinyl Wrap | 970RA-022,Vinyl Wrap ,ft
Orafol 970RA Gloss Red Vinyl Wrap | 970RA-031,Vinyl Wrap ,ft
Orafol 970RA Gloss Pearl Symphony Vinyl Wrap | 970RA-315,Vinyl Wrap ,ft
Orafol 970RA Gloss Canary Yellow Vinyl Wrap | 970RA-235,Vinyl Wrap ,ft
Orafol 970RA Gloss Glacier Blue Vinyl Wrap | 970RA-555,Vinyl Wrap ,ft
Orafol 970RA Gloss Millennium Gray Vinyl Wrap | 970RA-793,Vinyl Wrap ,ft
Orafol 970RA Matte Nato Olive Vinyl Wrap | 970RA-285M,Vinyl Wrap ,ft
Orafol 970RA Matte Azure Blue Metallic Vinyl Wrap | 970RA-197M,Vinyl Wrap ,ft
Orafol 970RA Gloss Grass Green Vinyl Wrap | 970RA-602,Vinyl Wrap ,ft
Orafol 970RA Matte Anthracite Metallic Vinyl Wrap | 970RA-093M,Vinyl Wrap ,ft
Orafol 970RA Gloss Light Navy Vinyl Wrap | 970RA-564,Vinyl Wrap ,ft
Orafol 970RA Gloss Maize Yellow Vinyl Wrap | 970RA-209,Vinyl Wrap ,ft
Orafol 970RA Matte Amethyst Vinyl Wrap | 970RA-316M,Vinyl Wrap ,ft
Orafol 970RA Gloss Sea Blue Vinyl Wrap | 970RA-509,Vinyl Wrap ,ft
Orafol 970RA Matte Green Blue Vinyl Wrap | 970RA-988M,Vinyl Wrap ,ft
Orafol 970RA Gloss Lawn Green Vinyl Wrap | 970RA-464,Vinyl Wrap ,ft
Orafol 970RA Gloss Traffic Yellow Vinyl Wrap | 970RA-216,Vinyl Wrap ,ft
Orafol 970RA Gloss Ice Gray Vinyl Wrap | 970RA-724,Vinyl Wrap ,ft
Orafol 970RA Gloss Thunderous Blue Green Vinyl Wrap | 970RA-851,Vinyl Wrap ,ft
Orafol 970RA Matte Violet Metallic Vinyl Wrap | 970RA-406M,Vinyl Wrap ,ft
Orafol 970RA Gloss Taxibeige Vinyl Wrap | 970RA-809,Vinyl Wrap ,ft
Orafol 970RA Matte Black Galactic Gold Vinyl Wrap | 970RA-905M,Vinyl Wrap ,ft
Orafol 970RA Gloss Silver Green Pearl Vinyl Wrap | 970RA-992,Vinyl Wrap ,ft
Orafol 970RA Matte Red Brown Metallic Vinyl Wrap | 970RA-369M,Vinyl Wrap ,ft
Orafol 970RA Gloss Baltic Blue Vinyl Wrap | 970RA-178,Vinyl Wrap ,ft
Orafol 970RA Gloss Ballistic Blue Vinyl Wrap | 970RA-571,Vinyl Wrap ,ft
Orafol 970RA Matte Avocado Vinyl Wrap | 970RA-317M,Vinyl Wrap ,ft
Orafol 970RA Gloss Dark Gray Vinyl Wrap | 970RA-073,Vinyl Wrap ,ft
Orafol 975 Middle Blue Carbon Fiber Vinyl Wrap | 975CA-536,Vinyl Wrap ,ft
Orafol 970RA Matte Dark Red Metallic Vinyl Wrap | 970RA-368M,Vinyl Wrap ,ft
Orafol 970RA Gloss Simple Gray Vinyl Wrap | 970RA-730,Vinyl Wrap ,ft
Orafol 975 Silver Gray Honeycomb Vinyl Wrap | 975HC-090,Vinyl Wrap ,ft
Orafol 970RA Matte Pearl Symphony Vinyl Wrap | 970RA-315M,Vinyl Wrap ,ft
Orafol 970RA Matte Cranberry Vinyl Wrap | 970RA-320M,Vinyl Wrap ,ft
Orafol 970RA Matte Telegrey Vinyl Wrap | 970RA-076M,Vinyl Wrap ,ft
Orafol 970RA Gloss Crocus Yellow Vinyl Wrap | 970RA-201,Vinyl Wrap ,ft
Orafol 970RA Matte Imperial Red Pearl Vinyl Wrap | 970RA-372M,Vinyl Wrap ,ft
Orafol 970RA Gloss Night Blue Vinyl Wrap | 970RA-511,Vinyl Wrap ,ft
Orafol 970RA Gloss Indigo Blue Vinyl Wrap | 970RA-544,Vinyl Wrap ,ft
Orafol 975 Black Carbon Fiber Vinyl Wrap | 975CA-070,Vinyl Wrap ,ft
Orafol 970RA Matte Moonlight Metallic Vinyl Wrap | 970RA-190M,Vinyl Wrap ,ft
Orafol 970RA Matte Lagoon Vinyl Wrap | 970RA-553M,Vinyl Wrap ,ft
Orafol 970RA Matte Indigo Blue Vinyl Wrap | 970RA-544M,Vinyl Wrap ,ft
Orafol 970RA Gloss Blue Vinyl Wrap | 970RA-067,Vinyl Wrap ,ft
Orafol 970RA Gloss Lightning Strike Vinyl Wrap | 970RA-123,Vinyl Wrap ,ft
Orafol 970RA Matte Maize Yellow Vinyl Wrap | 970RA-209M,Vinyl Wrap ,ft
Orafol 970RA Matte Fjord Blue Vinyl Wrap | 970RA-547M,Vinyl Wrap ,ft
Orafol 970RA Gloss King Blue Vinyl Wrap | 970RA-049,Vinyl Wrap ,ft
Orafol 970RA Matte Cardinal Red Vinyl Wrap | 970RA-028M,Vinyl Wrap ,ft
Orafol 970RA Gloss Steel Vinyl Wrap | 970RA-795,Vinyl Wrap ,ft
Orafol 975 Tin Metallic Honeycomb Vinyl Wrap | 975HC-933,Vinyl Wrap ,ft
Orafol 970RA Matte White Vinyl Wrap | 970RA-010M,Vinyl Wrap ,ft
Orafol 970RA Gloss Avocado Vinyl Wrap | 970RA-317,Vinyl Wrap ,ft
Orafol 970RA Gloss Tree Green Vinyl Wrap | 970RA-486,Vinyl Wrap ,ft
Orafol 970RA Gloss Sparkling Turbo Turquoise Vinyl Wrap | 970RA-182,Vinyl Wrap ,ft
Orafol 970RA Gloss Metallic Enchanted Violet Vinyl Wrap | 970RA-175,Vinyl Wrap ,ft
Orafol 970RA Gloss Sparkling Enchanted Violet Vinyl Wrap | 970RA-185,Vinyl Wrap ,ft
Orafol 970RA Gloss Algae Green Vinyl Wrap | 970RA-688,Vinyl Wrap ,ft
Orafol 970RA Gloss Orient Brown Metallic Vinyl Wrap | 970RA-874,Vinyl Wrap ,ft
Orafol 970RA Gloss Sparkling Riviera Rush Vinyl Wrap | 970RA-181,Vinyl Wrap ,ft
Orafol 970RA Gloss Metallic Turbo Turquoise Vinyl Wrap | 970RA-172,Vinyl Wrap ,ft
Orafol 970RA Gloss Sparkling Citrus Fury Vinyl Wrap | 970RA-183,Vinyl Wrap ,ft
Orafol 970RA Gloss Metallic Citrus Fury Vinyl Wrap | 970RA-173,Vinyl Wrap ,ft
Orafol 970RA Matte Pyrite Metallic Vinyl Wrap | 970RA-926M ,Vinyl Wrap ,ft
Orafol 970RA Gloss GT3 Blue Vinyl Wrap | 970RA-111,Vinyl Wrap ,ft
Orafol 970RA Gloss Metallic Riviera Rush Vinyl Wrap | 970RA-171,Vinyl Wrap ,ft
Orafol 970RA Matte Copper Metallic Vinyl Wrap | 970RA-092M ,Vinyl Wrap ,ft
Orafol 970RA Gloss Municipal Orange Vinyl Wrap | 970RA-351 ,Vinyl Wrap ,ft
Orafol 970RA Matte Red Gold L Metallic Vinyl Wrap | 970RA-944M,Vinyl Wrap ,ft
Orafol 970RA Matte Saffron Yellow Vinyl Wrap | 970RA-223M,Vinyl Wrap ,ft
Orafol 970RA Gloss Bronze Metallic Vinyl Wrap | 970RA-920,Vinyl Wrap ,ft
Orafol 970RA Matte Gold Metallic Vinyl Wrap | 970RA-091M ,Vinyl Wrap ,ft
Orafol 970RA Matte Champagne Myst Vinyl Wrap | 970RA-996M ,Vinyl Wrap ,ft
Orafol 970RA Matte Bronze Metallic Vinyl Wrap | 970RA-920M ,Vinyl Wrap ,ft
Orafol 970RA Gloss Cargo Red Vinyl Wrap | 970RA-882 ,Vinyl Wrap ,ft
Orafol 970RA Gloss Cargo Yellow Vinyl Wrap | 970RA-256,Vinyl Wrap ,ft
Orafol 970RA Gloss Post Office Yellow Vinyl Wrap | 970RA-208 ,Vinyl Wrap ,ft
Orafol 970RA Gloss Divine Gold Vinyl Wrap | 970RA-995 ,Vinyl Wrap ,ft
Orafol 970RA Gloss Champagne Myst Vinyl Wrap | 970RA-996,Vinyl Wrap ,ft
Orafol 970RA Matte Divine Gold Vinyl Wrap | 970RA-995M ,Vinyl Wrap ,ft
Orafol 970RA Gloss Copper Kiss Vinyl Wrap | 970RA-313 ,Vinyl Wrap ,ft
Orafol 970RA Matte Copper Kiss Vinyl Wrap | 970RA-313M ,Vinyl Wrap ,ft
Orafol 970RA Gloss Light Red Vinyl Wrap | 970RA-032 ,Vinyl Wrap ,ft
Orafol 975 Silver Gray Carbon Fiber Vinyl Wrap | 975CA-090 ,Vinyl Wrap ,ft
Orafol 975 White Carbon Fiber Vinyl Wrap | 975CA-010 ,Vinyl Wrap ,ft
Orafol 975 Transparent Carbon Fiber Vinyl Wrap | 975CA-000,Vinyl Wrap ,ft
Orafol 975 Gold Carbon Fiber Vinyl Wrap | 975CA-091,Vinyl Wrap ,ft
Orafol 975 Gold Honeycomb Vinyl Wrap | 975HC-091,Vinyl Wrap ,ft
Orafol 975 Brushed Graphite Metallic Vinyl Wrap | 975BR-932 ,Vinyl Wrap ,ft
Orafol 975 Brushed Tin Metallic Vinyl Wrap | 975BR-933,Vinyl Wrap ,ft
Orafol 975 Brushed Deep Blue Metallic Vinyl Wrap | 975BR-192,Vinyl Wrap ,ft
Orafol 975 Brushed Gold Vinyl Wrap | 975BR-091 ,Vinyl Wrap ,ft
Orafol 975 Anthracite Carbon Fiber Vinyl Wrap | 975CA-093 ,Vinyl Wrap ,ft
Orafol 970RA Gloss Police Blue Vinyl Wrap | 970RA-572 ,Vinyl Wrap ,ft
Orafol 970RA Gloss Rose-Hip Vinyl Wrap | 970RA-897 ,Vinyl Wrap ,ft
KPMF K75400 Gloss Perfect Black  | K75443,Vinyl Wrap ,ft
KPMF K75400 Gloss Red Black Iridescent  | K75408,Vinyl Wrap ,ft
KPMF K75400 Gloss Green Black Iridescent  | K75460,Vinyl Wrap ,ft
KPMF K75400 Gloss Blue Black Iridescent  | K75469,Vinyl Wrap ,ft
KPMF K75500 Matte Purple Black Iridescent  | K75565,Vinyl Wrap ,ft
KPMF K75400 Matte Perfect Black  | K75547,Vinyl Wrap ,ft
KPMF K75400 Gloss Momentum Pink  | K75406,Vinyl Wrap ,ft
KPMF K75400 Gloss Midnight Crimson Bloom  | K75447,Vinyl Wrap ,ft
KPMF K88000 Gloss Black  | K88021,Vinyl Wrap ,ft
KPMF K75500 Matte Iced Blue Titanium  | K75505,Vinyl Wrap ,ft
KPMF K75400 Gloss Vengeance Red  | K75403,Vinyl Wrap ,ft
KPMF K75500 Metro Satin Desert Storm  | K75557,Vinyl Wrap ,ft
KPMF K75500 Metro Satin Rose Gold  | K75555,Vinyl Wrap ,ft
KPMF K75500 Matte Iced Red Titanium  | K75506,Vinyl Wrap ,ft
KPMF K75500 Satin Stealth Tundra  | K75531,Vinyl Wrap ,ft
KPMF K75400 Gloss Hypnotic Black Violet  | K75459,Vinyl Wrap ,ft
KPMF K89000 Matte Black  | K89021,Vinyl Wrap ,ft
KPMF K87000 Black Carbon Fiber  | K87021,Vinyl Wrap ,ft
KPMF K75500 Metro Matte Dynamic Lime  | K75503,Vinyl Wrap ,ft
KPMF K75500 Metro Satin Nero  | K75553,Vinyl Wrap ,ft
KPMF K75400 Gloss Ominous Gray  | K75415,Vinyl Wrap ,ft
KPMF K75500 Matte Iced Amethyst Titanium  | K75568,Vinyl Wrap ,ft
KPMF K75400 Gloss Indulgent Blue  | K75405,Vinyl Wrap ,ft
KPMF K75400 Gloss Imperial Orchid  | K75468,Vinyl Wrap ,ft
KPMF K75400 Gloss Opulent Indigo  | K75452,Vinyl Wrap ,ft
KPMF K75500 Matte Phantom Black Metallic  | K75528,Vinyl Wrap ,ft
KPMF K75500 Matte Iced Silver Titanium  | K75501,Vinyl Wrap ,ft
KPMF K75500 Matte Trenton Blue  | K75544,Vinyl Wrap ,ft
KPMF K75400 Gloss Chalk White  | K75411,Vinyl Wrap ,ft
KPMF K75500 Satin Perfect Black  | K75530,Vinyl Wrap ,ft
KPMF K75400 Gloss Morpheus Black Starlight Iridescent  | K75470,Vinyl Wrap ,ft
KPMF K75500 Metro Ultra Gloss Desert Storm  | K75457,Vinyl Wrap ,ft
KPMF K75400 Gloss Perfect White  | K75444,Vinyl Wrap ,ft
KPMF K75500 Matte Autumn Fire  | K75554,Vinyl Wrap ,ft
KPMF K88000 Gloss White  | K88011,Vinyl Wrap ,ft
KPMF K75500 Matte Java Brown  | K75543,Vinyl Wrap ,ft
KPMF K75400 Gloss Phantom Black Metallic  | K75448,Vinyl Wrap ,ft
KPMF K75500 Metro Matte Violaceous Blue  | K75558,Vinyl Wrap ,ft
KPMF K75500 Matte Frozen Emerald  | K75577,Vinyl Wrap ,ft
KPMF K75400 Gloss Purple Blue Iridescent  | K75466,Vinyl Wrap ,ft
KPMF K75400 Gloss Purple Black Iridescent  | K75465,Vinyl Wrap ,ft
KPMF K75800 Metro Matte Stealth Dynamic Teal  K75805,Vinyl Wrap ,ft
KPMF K75500 Matte Burnished Bronze  | K75579,Vinyl Wrap ,ft
KPMF K75500 Matte Iced Orange Titanium  | K75502,Vinyl Wrap ,ft
KPMF K75500 Matte Siberian Pearl  | K75539,Vinyl Wrap ,ft
KPMF K75500 Matte Platinum Dark Sage  | K75560,Vinyl Wrap ,ft
KPMF K75400 Gloss Copper Black Starlight Iridescent  | K75479,Vinyl Wrap ,ft
KPMF K75500 Matte White Blue Pearlescent Iridescent  | K75584,Vinyl Wrap ,ft
KPMF K75500 Metro Gloss Blu Glauco  | K75453,Vinyl Wrap ,ft
KPMF K75800 Absolute Matte Mythos Red  | K75801,Vinyl Wrap ,ft
KPMF K75500 Matte Frozen Ruby  | K75573,Vinyl Wrap ,ft
KPMF K75500 Matte Aurora Pearl  | K75552,Vinyl Wrap ,ft
KPMF K75500 Matte Purple Blue Iridescent  | K75566,Vinyl Wrap ,ft
KPMF K75500 Matte Magnetic Black  | K75551,Vinyl Wrap ,ft
KPMF K75400 Metro Ultra Gloss Ceramic Matrix Gray  | K75412,Vinyl Wrap ,ft
KPMF K75500 Matte Sinister Blue  | K75562,Vinyl Wrap ,ft
KPMF K75400 Gloss Atlantic Pearl  | K75402,Vinyl Wrap ,ft
KPMF K75400 Matte Anodized Bronze  | K75549,Vinyl Wrap ,ft
KPMF K75400 Gloss Envious Green  | K75407,Vinyl Wrap ,ft
KPMF K75400 Metro Ultra Gloss Dynamic Lime  | K75454,Vinyl Wrap ,ft
KPMF K75800 Absolute Matte Quantum Blue  | K75802,Vinyl Wrap ,ft
KPMF K75500 Matte Sonic Yellow Pearl  | K75538,Vinyl Wrap ,ft
KPMF K75500 Matte Morpheus Black Starlight Iridescent  | K75571,Vinyl Wrap ,ft
KPMF K75400 Gloss British Racing Green  K75449,Vinyl Wrap ,ft
KPMF K75400 Matte Crystalline White  | K75540,Vinyl Wrap ,ft
KPMF K75500 Matte Russet Red  | K75545,Vinyl Wrap ,ft
KPMF K75400 Gloss Excelsior Blue  | K75441,Vinyl Wrap ,ft
KPMF K75800 Absolute Matte Royal Amethyst  | K75803,Vinyl Wrap ,ft
KPMF K75400 Metro Gloss Dynamic Teal  | K75455,Vinyl Wrap ,ft
KPMF K75500 Matte Perfect White  | K75546,Vinyl Wrap ,ft
KPMF K87000 Super High Gloss Pure Black  Film | K87521,Vinyl Wrap ,ft
KPMF K75400 Gloss Magnetic Black  | K75440,Vinyl Wrap ,ft
KPMF K75800 Metro Matte Stealth Nero  K75804,Vinyl Wrap ,ft
KPMF K75500 Metro Matte Military Green  | K75559,Vinyl Wrap ,ft
KPMF K75500 Matte Iced Yellow Titanium  | K75534,Vinyl Wrap ,ft
KPMF K75400 Gloss Ember Orange  | K75404,Vinyl Wrap ,ft
KPMF K75500 Matte Frozen Sapphire  | K75578,Vinyl Wrap ,ft
KPMF K75400 Metro Gloss Wet Black Pearl  | K75422,Vinyl Wrap ,ft
KPMF K75400 Matte Dark Storm  | K75515,Vinyl Wrap ,ft
KPMF K75500 Matte Iced Green Titanium  | K75507,Vinyl Wrap ,ft
KPMF K75500 Matte Viper Green  | K75542,Vinyl Wrap ,ft
KPMF K75400 Gloss Solar Flash  | K75409,Vinyl Wrap ,ft
KPMF K75400 Gloss Surge Green  | K75438,Vinyl Wrap ,ft
KPMF K75500 Frozen Midnight Purple  | K75570,Vinyl Wrap ,ft
KPMF K75500 Matte Iced Pink Titanium  | K75504,Vinyl Wrap ,ft
KPMF K75500 Matte Iced Amber Titanium  | K75591,Vinyl Wrap ,ft
KPMF K75800 Metro Stealth Piggy Bank  | K75807,Vinyl Wrap ,ft
KPMF K75500 Metro Satin Superior Lavender  | K75563,Vinyl Wrap ,ft
KPMF K75800 Absolute Matte Forest Green  | K75806,Vinyl Wrap ,ft
KPMF K75500 Metro Satin Spearmint  | K75564,Vinyl Wrap ,ft
KPMF K75500 Matte Pink White Starlight Iridescent  | K75574 ,Vinyl Wrap ,ft
KPMF K75500 Metro Matte Dynamic Turquoise  | K75511,Vinyl Wrap ,ft
KPMF K75500 Matte Lightning  K75548,Vinyl Wrap ,ft
KPMF K89000 Matte White  | K89011,Vinyl Wrap ,ft
KPMF K75400 Gloss Tidal Teal  | K75413,Vinyl Wrap ,ft
KPMF K75500 Matte Frozen Mystic Pink  | K75575,Vinyl Wrap ,ft
KPMF K75400 Gloss Purple Green Iridescent  | K75464,Vinyl Wrap ,ft
KPMF K75400 Ultra Gloss Cast Combat Army Green  | K75456,Vinyl Wrap ,ft
KPMF K75400 Matte Widowed Red  | K75508,Vinyl Wrap ,ft
KPMF K75500 Metro Matte Dynamic Supernova  | K75535,Vinyl Wrap ,ft
KPMF K75400 Gloss Zenith Grey Metallic  | K75477,Vinyl Wrap ,ft
KPMF K75500 Metro Matte Rugrat Blue  | K75510,Vinyl Wrap ,ft
KPMF K75400 Gloss Cosmos Pink  | K75410,Vinyl Wrap ,ft
KPMF K75500 Matte Pacific Blue White Starlight Iridescent  | K75576 ,Vinyl Wrap ,ft
KPMF K75500 Matte Arctic Borealis  | K75509,Vinyl Wrap ,ft
KPMF K75400 Gloss Verde Solaris  | K75439,Vinyl Wrap ,ft
KPMF K75500 Metro Matte Jargon Jade  | K75512,Vinyl Wrap ,ft
KPMF K75400 Gloss Porcelain Blue  | K75414,Vinyl Wrap ,ft
KPMF K75500 Metro Matte Lilac  | K75580,Vinyl Wrap ,ft
KPMF K75500 Matte Gold Eclipse  | K75581,Vinyl Wrap ,ft
KPMF K75500 Matte Gold White Starlight Iridescent  | K75572 ,Vinyl Wrap ,ft
KPMF K89000 Matte Dark Gray  | K89015 ,Vinyl Wrap ,ft
KPMF K75400 Matte Sterling Blue  | K75514,Vinyl Wrap ,ft
KPMF K75500 Matte Tempest Blue  | K75513,Vinyl Wrap ,ft
KPMF K89000 Matte Sky Blue  | K89063 ,Vinyl Wrap ,ft
KPMF K89000 Series Matte Clear VWS I | K89002 ,Vinyl Wrap ,ft
KPMF K88000 Gloss Bright Red  | K88053 ,Vinyl Wrap ,ft
KPMF K88000 Gloss Deep Red  | K88519 ,Vinyl Wrap ,ft
KPMF K88000 Gloss Marina  | K88069 ,Vinyl Wrap ,ft
KPMF K75400 Gloss Blue Black Iridescent  | K75469,Vinyl Wrap ,ft
KPMF K89000 Matte Red  | K89053 ,Vinyl Wrap ,ft
KPMF K88000 Gloss Ultramarine  | K88064 ,Vinyl Wrap ,ft
KPMF K75500 Matte Sonic Yellow Pearl  | K75538,Vinyl Wrap ,ft
KPMF K75400 Gloss Midnight Crimson Bloom  | K75447,Vinyl Wrap ,ft
KPMF K75400 Gloss Atlantic Pearl  | K75402 ,Vinyl Wrap ,ft
KPMF K75500 Metro Ultra Gloss Desert Storm  | K75457 ,Vinyl Wrap ,ft
KPMF K75500 Metro Ultra Gloss Desert Storm  | K75457 ,Vinyl Wrap ,ft
KPMF K87000 Super High Gloss Pure Black  Film | K87521 ,Vinyl Wrap ,ft
KPMF K75800 Metro Matte Stealth Dynamic Teal  K75805 ,Vinyl Wrap ,ft
KPMF K75800 Metro Matte Stealth Dynamic Teal  K75805,Vinyl Wrap ,ft
KPMF K75800 Absolute Matte Quantum Blue  | K75802,Vinyl Wrap ,ft
KPMF K75800 Absolute Matte Quantum Blue  | K75802 ,Vinyl Wrap ,ft
KPMF K75500 Matte Burnished Bronze  | K75579,Vinyl Wrap ,ft
KPMF K75500 Matte Morpheus Black Starlight Iridescent  | K75571,Vinyl Wrap ,ft
KPMF K75500 Matte Purple Blue Iridescent  | K75566 ,Vinyl Wrap ,ft
KPMF K75500 Matte Purple Black Iridescent  | K75565 ,Vinyl Wrap ,ft
KPMF K75500 Matte Trenton Blue  | K75544 ,Vinyl Wrap ,ft
KPMF K75500 Matte Siberian Pearl  | K75539,Vinyl Wrap ,ft
KPMF K75500 Matte Arctic Borealis  | K75509 ,Vinyl Wrap ,ft
KPMF K75500 Metro Gloss Blu Glauco  | K75453 ,Vinyl Wrap ,ft
KPMF K75500 Metro Gloss Blu Glauco  | K75453 ,Vinyl Wrap ,ft
KPMF K75500 Matte Frozen Mystic Pink  | K75575 ,Vinyl Wrap ,ft
Cheetah Wrap Satin Black ,Vinyl Wrap ,ft
Cheetah Wrap Gloss Black ,Vinyl Wrap ,ft
Cheetah Wrap Gloss White ,Vinyl Wrap ,ft
Cheetah Wrap Matte Black ,Vinyl Wrap ,ft
Cheetah Wrap Gloss Pearl White ,Vinyl Wrap ,ft
Cheetah Wrap Matte Sandstorm ,Vinyl Wrap ,ft
Cheetah Wrap Matte Military Green ,Vinyl Wrap ,ft
Cheetah Wrap Gloss Berry Blue ,Vinyl Wrap ,ft
Cheetah Wrap Gloss Carmine Red ,Vinyl Wrap ,ft
Cheetah Wrap Gloss Nardo Gray ,Vinyl Wrap ,ft
Cheetah Wrap Gloss Sandstorm ,Vinyl Wrap ,ft
Cheetah Wrap Matte Desert Tan ,Vinyl Wrap ,ft
Cheetah Wrap Gloss Black Metallic ,Vinyl Wrap ,ft
Cheetah Wrap Satin Pearl White ,Vinyl Wrap ,ft
Cheetah Wrap Gloss Black Rose ,Vinyl Wrap ,ft
Cheetah Wrap Gloss Passion Purple ,Vinyl Wrap ,ft
Cheetah Wrap Satin Charcoal Metallic ,Vinyl Wrap ,ft
Cheetah Wrap Gloss Bubblegum Pink ,Vinyl Wrap ,ft
Cheetah Wrap Gloss Bright Yellow ,Vinyl Wrap ,ft
Cheetah Wrap Gloss Pearl Lavender ,Vinyl Wrap ,ft
Cheetah Wrap Satin Pine Green Metallic ,Vinyl Wrap ,ft
Cheetah Wrap Gloss Desert Tan ,Vinyl Wrap ,ft
Cheetah Wrap Gloss Charcoal Metallic ,Vinyl Wrap ,ft
Cheetah Wrap Satin Blue Aluminum ,Vinyl Wrap ,ft
Cheetah Wrap Satin White ,Vinyl Wrap ,ft
Cheetah Wrap Gloss Lava Orange Metallic ,Vinyl Wrap ,ft
Cheetah Wrap Gloss Light Blue ,Vinyl Wrap ,ft
Cheetah Wrap Gloss Khaki Green ,Vinyl Wrap ,ft
Cheetah Wrap Matte Nardo Gray ,Vinyl Wrap ,ft
Cheetah Wrap Gloss Military Green ,Vinyl Wrap ,ft
Cheetah Wrap Satin Passion Purple ,Vinyl Wrap ,ft
Cheetah Wrap Satin Nardo Gray ,Vinyl Wrap ,ft
Cheetah Wrap Gloss Light Gray ,Vinyl Wrap ,ft
Cheetah Wrap Satin Berry Blue Aluminum ,Vinyl Wrap ,ft
Cheetah Wrap Satin Gray Aluminum ,Vinyl Wrap ,ft
Cheetah Wrap Matte Charcoal Metallic ,Vinyl Wrap ,ft
Cheetah Wrap Gloss Grass Green ,Vinyl Wrap ,ft
Cheetah Wrap Gloss Orange ,Vinyl Wrap ,ft
Cheetah Wrap Matte Carmine Red ,Vinyl Wrap ,ft
Cheetah Wrap Satin Black Rose Aluminum ,Vinyl Wrap ,ft
Cheetah Wrap Matte Khaki Green ,Vinyl Wrap ,ft
Cheetah Wrap Gloss Perfect Peach ,Vinyl Wrap ,ft
Cheetah Wrap Satin Yellow Gold Aluminum ,Vinyl Wrap ,ft
Cheetah Wrap Gloss British Racing Green Metallic ,Vinyl Wrap ,ft
Cheetah Wrap Satin Cheetah Green ,Vinyl Wrap ,ft
Cheetah Tint 5% Carbon Pro Series (20in),Window Tint ,ft
Cheetah Tint 15% Carbon Pro Series (20in),Window Tint ,ft
Cheetah Tint 20% Carbon Pro Series (20in),Window Tint ,ft
Cheetah Tint 35% Carbon Pro Series (20in),Window Tint ,ft
Cheetah Tint 50% Carbon Pro Series (20in),Window Tint ,ft
Cheetah Tint 70% Carbon Pro Series (20in),Window Tint ,ft
Cheetah Tint 5% Carbon Pro Series (24in),Window Tint ,ft
Cheetah Tint 15% Carbon Pro Series (24in),Window Tint ,ft
Cheetah Tint 20% Carbon Pro Series (24in),Window Tint ,ft
Cheetah Tint 35% Carbon Pro Series (24in),Window Tint ,ft
Cheetah Tint 50% Carbon Pro Series (24in),Window Tint ,ft
Cheetah Tint 70% Carbon Pro Series (24in),Window Tint ,ft
Cheetah Tint 5% Carbon Pro Series (36in),Window Tint ,ft
Cheetah Tint 15% Carbon Pro Series (36in),Window Tint ,ft
Cheetah Tint 20% Carbon Pro Series (36in),Window Tint ,ft
Cheetah Tint 35% Carbon Pro Series (36in),Window Tint ,ft
Cheetah Tint 50% Carbon Pro Series (36in),Window Tint ,ft
Cheetah Tint 70% Carbon Pro Series (36in),Window Tint ,ft
Cheetah Tint 5% Carbon Pro Series (40in),Window Tint ,ft
Cheetah Tint 15% Carbon Pro Series (40in),Window Tint ,ft
Cheetah Tint 20% Carbon Pro Series (40in),Window Tint ,ft
Cheetah Tint 35% Carbon Pro Series (40in),Window Tint ,ft
Cheetah Tint 50% Carbon Pro Series (40in),Window Tint ,ft
Cheetah Tint 70% Carbon Pro Series (40in),Window Tint ,ft
Cheetah Tint 5% Carbon Pro Series (60in),Window Tint ,ft
Cheetah Tint 15% Carbon Pro Series (60in),Window Tint ,ft
Cheetah Tint 20% Carbon Pro Series (60in),Window Tint ,ft
Cheetah Tint 35% Carbon Pro Series (60in),Window Tint ,ft
Cheetah Tint 50% Carbon Pro Series (60in),Window Tint ,ft
Cheetah Tint 70% Carbon Pro Series (60in),Window Tint ,ft
Cheetah Tint 5% Performance Series (20in),Window Tint ,ft
Cheetah Tint 15% Performance Series (20in),Window Tint ,ft
Cheetah Tint 20% Performance Series (20in),Window Tint ,ft
Cheetah Tint 35% Performance Series (20in),Window Tint ,ft
Cheetah Tint 50% Performance Series (20in),Window Tint ,ft
Cheetah Tint 5% Performance Series (24in),Window Tint ,ft
Cheetah Tint 15% Performance Series (24in),Window Tint ,ft
Cheetah Tint 20% Performance Series (24in),Window Tint ,ft
Cheetah Tint 35% Performance Series (24in),Window Tint ,ft
Cheetah Tint 50% Performance Series (24in),Window Tint ,ft
Cheetah Tint 5% Performance Series (36in),Window Tint ,ft
Cheetah Tint 15% Performance Series (36in),Window Tint ,ft
Cheetah Tint 20% Performance Series (36in),Window Tint ,ft
Cheetah Tint 35% Performance Series (36in),Window Tint ,ft
Cheetah Tint 50% Performance Series (36in),Window Tint ,ft
Cheetah Tint 5% Performance Series (40in),Window Tint ,ft
Cheetah Tint 15% Performance Series (40in),Window Tint ,ft
Cheetah Tint 20% Performance Series (40in),Window Tint ,ft
Cheetah Tint 35% Performance Series (40in),Window Tint ,ft
Cheetah Tint 50% Performance Series (40in),Window Tint ,ft
Cheetah Tint 5% Performance Series (60in),Window Tint ,ft
Cheetah Tint 15% Performance Series (60in),Window Tint ,ft
Cheetah Tint 20% Performance Series (60in),Window Tint ,ft
Cheetah Tint 35% Performance Series (60in),Window Tint ,ft
Cheetah Tint 50% Performance Series (60in),Window Tint ,ft
Cheetah Tint 5% Ceramic IR Pro Series (20in),Window Tint ,ft
Cheetah Tint 15% Ceramic IR Pro Series (20in),Window Tint ,ft
Cheetah Tint 25% Ceramic IR Pro Series (20in),Window Tint ,ft
Cheetah Tint 35% Ceramic IR Pro Series (20in),Window Tint ,ft
Cheetah Tint 45% Ceramic IR Pro Series (20in),Window Tint ,ft
Cheetah Tint 75% Ceramic IR Pro Series (20in),Window Tint ,ft
Cheetah Tint 5% Ceramic IR Pro Seriesn(24in),Window Tint ,ft
Cheetah Tint 15% Ceramic IR Pro Series (24in),Window Tint ,ft
Cheetah Tint 25% Ceramic IR Pro Series (24in),Window Tint ,ft
Cheetah Tint 35% Ceramic IR Pro Series (24in),Window Tint ,ft
Cheetah Tint 45% Ceramic IR Pro Series (24in),Window Tint ,ft
Cheetah Tint 75% Ceramic IR Pro Series (24in),Window Tint ,ft
Cheetah Tint 5% Ceramic IR Pro Series (36in),Window Tint ,ft
Cheetah Tint 15% Ceramic IR Pro Series (36in),Window Tint ,ft
Cheetah Tint 25% Ceramic IR Pro Series (36in),Window Tint ,ft
Cheetah Tint 35% Ceramic IR Pro Series  (36in),Window Tint ,ft
Cheetah Tint 45% Ceramic IR Pro Series (36in),Window Tint ,ft
Cheetah Tint 75% Ceramic IR Pro Series (36in),Window Tint ,ft
Cheetah Tint 5% Ceramic IR Pro Series (40in),Window Tint ,ft
Cheetah Tint 15% Ceramic IR Pro Series (40in),Window Tint ,ft
Cheetah Tint 25% Ceramic IR Pro Series (40in),Window Tint ,ft
Cheetah Tint 35% Ceramic IR Pro Series (40in),Window Tint ,ft
Cheetah Tint 45% Ceramic IR Pro Series (40in),Window Tint ,ft
Cheetah Tint 75% Ceramic IR Pro Series (40in),Window Tint ,ft
Cheetah Tint 5% Ceramic IR Pro Series (60in),Window Tint ,ft
Cheetah Tint 15% Ceramic IR Pro Series (60in),Window Tint ,ft
Cheetah Tint 25% Ceramic IR Pro Series (60in),Window Tint ,ft
Cheetah Tint 35% Ceramic IR Pro Series (60in),Window Tint ,ft
Cheetah Tint 45% Ceramic IR Pro Series (60in),Window Tint ,ft
Cheetah Tint 75% Ceramic IR Pro Series (60in),Window Tint ,ft
Cheetah Wrap Paint Protection Film (24in),Paint Protection Film(PPF),ft
Cheetah Wrap Paint Protection Film (30in),Paint Protection Film(PPF),ft
Cheetah Wrap Paint Protection Film (36in),Paint Protection Film(PPF),ft
Cheetah Wrap Paint Protection Film (60in),Paint Protection Film(PPF),ft
Aura Ultra Gloss Nebula Galactic Nightfall,Vinyl Wrap ,ft
Aura Ultra Gloss Midnight Purple,Vinyl Wrap ,ft
Aura Ultra Gloss Diamond Black Blue Shift,Vinyl Wrap ,ft
Aura Ultra Gloss Paint Metallic Berry Purple,Vinyl Wrap ,ft
Aura Ultra Gloss Paint Metallic Midnight Gold,Vinyl Wrap ,ft
Aura Ultra Gloss Black,Vinyl Wrap ,ft
Aura Ultra Gloss Paint Metallic Blood Red,Vinyl Wrap ,ft
Aura Ultra Gloss Paint Metallic Soul Red,Vinyl Wrap ,ft
Aura Ultra Gloss Khaki Green,Vinyl Wrap ,ft
Aura Ultra Gloss Laguna Blue,Vinyl Wrap ,ft
Aura Ultra Gloss Deep Blue Sea,Vinyl Wrap ,ft
Aura Ultra Gloss China Blue,Vinyl Wrap ,ft
Aura Ultra Gloss Spring Green,Vinyl Wrap ,ft
Aura Ultra Gloss Paint Metallic Wine Red,Vinyl Wrap ,ft
Aura Ultra Gloss Paint Metallic Midnight Green,Vinyl Wrap ,ft
Aura Ultra Gloss Ivory,Vinyl Wrap ,ft
Aura Ultra Gloss Grey Purple Shift,Vinyl Wrap ,ft
Aura Ultra Gloss Blueberry,Vinyl Wrap ,ft
Aura Ultra Gloss Paint Metallic Cherry Red,Vinyl Wrap ,ft
Aura Ultra Gloss Paint Metallic Silver,Vinyl Wrap ,ft
Aura Ultra Gloss Hunter Green,Vinyl Wrap ,ft
Aura Ultra Gloss Iridescent Black,Vinyl Wrap ,ft
Aura Ultra Gloss Seafoam Blue,Vinyl Wrap ,ft
Aura Ultra Gloss Paint Metallic Vibrant Purple,Vinyl Wrap ,ft
Aura Ultra Gloss Diamond Green,Vinyl Wrap ,ft
Aura Ultra Gloss Paint Metallic Champagne Gold,Vinyl Wrap ,ft
Aura Ultra Gloss Silver Purple Shift,Vinyl Wrap ,ft
Aura Ultra Gloss Nebula City of Angels,Vinyl Wrap ,ft
Aura Ultra Gloss Paint Metallic Black,Vinyl Wrap ,ft
Aura Ultra Gloss Paint Metallic Green Gold Shift,Vinyl Wrap ,ft
Aura Ultra Gloss Paint Metallic Forest Green,Vinyl Wrap ,ft
Aura Ultra Gloss Moss Green,Vinyl Wrap ,ft
Aura Ultra Gloss Orange,Vinyl Wrap ,ft
Aura Ultra Gloss Red Ruby,Vinyl Wrap ,ft
Aura Ultra Gloss Aluminum Purple Pearl,Vinyl Wrap ,ft
Aura Ultra Gloss Mint Pearl Green,Vinyl Wrap ,ft
Aura Ultra Gloss Paint Metallic Pink,Vinyl Wrap ,ft
Aura Ultra Gloss Ghost Green Grey Shift,Vinyl Wrap ,ft
Aura Ultra Gloss Paint Metallic Twilight Blue,Vinyl Wrap ,ft
Aura Ultra Gloss Desert,Vinyl Wrap ,ft
Aura Ultra Gloss Sky Blue,Vinyl Wrap ,ft
Aura Ultra Gloss Paint Metallic Frozen Berry,Vinyl Wrap ,ft
Aura Ultra Gloss Chalk Grey,Vinyl Wrap ,ft
Aura Ultra Gloss White,Vinyl Wrap ,ft
Aura Ultra Gloss Paint Metallic Millennium Jade,Vinyl Wrap ,ft
Aura Ultra Gloss Purple Pink Shift,Vinyl Wrap ,ft
Aura Ultra Gloss Battle Green,Vinyl Wrap ,ft
Aura Ultra Gloss Aqua,Vinyl Wrap ,ft
Aura Ultra Gloss Paint Metallic Midnight Blue,Vinyl Wrap ,ft
Aura Ultra Gloss Pearl Green,Vinyl Wrap ,ft
Aura Ultra Gloss Red Rose,Vinyl Wrap ,ft
Aura Ultra Gloss Paint Metallic Orange,Vinyl Wrap ,ft
Aura Ultra Gloss Nardo Grey,Vinyl Wrap ,ft
Aura Ultra Gloss Grey Red Shift,Vinyl Wrap ,ft
Aura Ultra Gloss Sand,Vinyl Wrap ,ft
Aura Ultra Gloss Pink Pearl,Vinyl Wrap ,ft
Aura Ultra Gloss Turquoise,Vinyl Wrap ,ft
Aura Ultra Gloss Baby Blue,Vinyl Wrap ,ft
Aura Ultra Gloss Paint Metallic Grey,Vinyl Wrap ,ft
Aura Ultra Gloss Paint Metallic Purple,Vinyl Wrap ,ft
Aura Ultra Gloss Paint Metallic Brown,Vinyl Wrap ,ft
Aura Ultra Gloss Paint Metallic Aluminum,Vinyl Wrap ,ft
Aura Ultra Gloss Blush Pink,Vinyl Wrap ,ft
Aura Ultra Gloss Paint Metallic Burgundy,Vinyl Wrap ,ft
Aura Ultra Gloss Iridescent White,Vinyl Wrap ,ft
Aura Ultra Gloss Grey Green Shift,Vinyl Wrap ,ft
Aura Ultra Gloss Aurora Pearl Shift,Vinyl Wrap ,ft
Aura Ultra Gloss Paint Metallic Emerald Green,Vinyl Wrap ,ft
Aura Ultra Gloss Army Green,Vinyl Wrap ,ft
Aura Ultra Gloss Diamond Dark Grey Purple Shift,Vinyl Wrap ,ft
Aura Ultra Gloss Blue Green Ghost Shift,Vinyl Wrap ,ft
Aura Ultra Gloss Paint Metallic Yellow,Vinyl Wrap ,ft
Aura Ultra Gloss Fluro Yellow,Vinyl Wrap ,ft
Aura Ultra Gloss Mint Green,Vinyl Wrap ,ft
Aura Ultra Gloss Ghost Black Red Shift,Vinyl Wrap ,ft
Aura Ultra Gloss Orange Red,Vinyl Wrap ,ft
Aura Ultra Gloss Diamond Black Red Shift,Vinyl Wrap ,ft
Aura Ultra Gloss Cement Grey,Vinyl Wrap ,ft
Aura Ultra Gloss Tiffany Blue,Vinyl Wrap ,ft
Aura Ultra Gloss Nebula Golden Hour Shift,Vinyl Wrap ,ft
Aura Ultra Gloss Indigo Blue,Vinyl Wrap ,ft
Aura Ultra Gloss Sandstone,Vinyl Wrap ,ft
Aura Ultra Gloss Paint Metallic Plum Purple,Vinyl Wrap ,ft
Aura Ultra Gloss Green Apple,Vinyl Wrap ,ft
Aura Ultra Gloss Yellow Pearl,Vinyl Wrap ,ft
Aura Ultra Gloss Carmine Red,Vinyl Wrap ,ft
Aura Ultra Gloss Paint Metallic Deep Blue,Vinyl Wrap ,ft
Aura Ultra Gloss Red,Vinyl Wrap ,ft
Aura Ultra Gloss Green Silver Shift,Vinyl Wrap ,ft
Aura Ultra Gloss Nebula Cosmos,Vinyl Wrap ,ft
Aura Ultra Gloss Pearl Pink,Vinyl Wrap ,ft
Aura Ultra Gloss Paint Metallic Green,Vinyl Wrap ,ft
Aura Ultra Gloss Yellow,Vinyl Wrap ,ft
Aura Ultra Gloss Pistachio Green,Vinyl Wrap ,ft
Aura Ultra Gloss Paint Metallic Isle of Man Green,Vinyl Wrap ,ft
Aura Ultra Gloss Iridescent Silver,Vinyl Wrap ,ft
Aura Ultra Gloss Paint Metallic Liquid Silver,Vinyl Wrap ,ft
Aura Ultra Gloss Paint Metallic Liquid Blue,Vinyl Wrap ,ft
Aura Ultra Gloss Strawberry Red,Vinyl Wrap ,ft
Aura Ultra Gloss Grey Gold Shift,Vinyl Wrap ,ft
Aura Ultra Gloss Baja Green,Vinyl Wrap ,ft
Aura Ultra Gloss Beige,Vinyl Wrap ,ft
Aura Ultra Gloss Nebula Urban Bamboo,Vinyl Wrap ,ft
Aura Ultra Gloss Diamond Black,Vinyl Wrap ,ft
Aura Ultra Gloss Diamond Emerald,Vinyl Wrap ,ft
Aura Ultra Gloss Diamond White Blue Shift,Vinyl Wrap ,ft
Aura Ultra Gloss Diamond White Red Shift,Vinyl Wrap ,ft
Aura Ultra Gloss Green Tea,Vinyl Wrap ,ft
Aura Ultra Gloss Grey Blue Shift,Vinyl Wrap ,ft
Aura Ultra Gloss Iridescent Tiffany Blue,Vinyl Wrap ,ft
Aura Ultra Gloss Lavender Pearl,Vinyl Wrap ,ft
Aura Ultra Gloss Mango Orange,Vinyl Wrap ,ft
Aura Ultra Gloss Maple Orange,Vinyl Wrap ,ft
Aura Ultra Gloss Nebula Autumn Sunset,Vinyl Wrap ,ft
Aura Ultra Gloss Nebula Sugar Rush,Vinyl Wrap ,ft
Aura Ultra Gloss Nogaro Blue Pearl,Vinyl Wrap ,ft
Aura Ultra Gloss Paint Metallic Blue Dream,Vinyl Wrap ,ft
Aura Ultra Gloss Paint Metallic Dragon Green,Vinyl Wrap ,ft
Aura Ultra Gloss Paint Metallic Gold,Vinyl Wrap ,ft
Aura Ultra Gloss Paint Metallic Mamba Green,Vinyl Wrap ,ft
Aura Ultra Gloss Paint Metallic Navy Blue,Vinyl Wrap ,ft
Aura Ultra Gloss Paint Metallic Raspberry Pink,Vinyl Wrap ,ft
Aura Ultra Gloss Paint Metallic Rose Pink,Vinyl Wrap ,ft
Aura Ultra Gloss Paint Metallic Shadow Grey,Vinyl Wrap ,ft
Aura Ultra Gloss Pink Purple Shift,Vinyl Wrap ,ft
Aura Ultra Gloss Rose Petal Red Pearl,Vinyl Wrap ,ft
Aura Ultra Gloss Sea Green,Vinyl Wrap ,ft
Aura Ultra Gloss Black Chrome,Vinyl Wrap ,ft
Aura Ultra Gloss Blue Chrome,Vinyl Wrap ,ft
Aura Ultra Gloss Gold Chrome,Vinyl Wrap ,ft
Aura Ultra Gloss Silver Chrome,Vinyl Wrap ,ft
Aura Ultra Gloss Red Chrome,Vinyl Wrap ,ft
Aura Ultra Gloss Pearl White,Vinyl Wrap ,ft
Aura Ultra Gloss Nebula Rainforest,Vinyl Wrap ,ft
Aura Ultra Gloss Nebula Acid Rain,Vinyl Wrap ,ft
Aura Ultra Gloss Nebula Enchanted Amulet,Vinyl Wrap ,ft
Aura Ultra Gloss Nebula Arctic Fire,Vinyl Wrap ,ft
Aura Ultra Gloss Aluminum Blue Pearl,Vinyl Wrap ,ft
Aura Ultra Gloss Piggy Pink,Vinyl Wrap ,ft
Aura Ultra Gloss Green Chrome,Vinyl Wrap ,ft
Aura Ultra Gloss Nebula Northern Lights,Vinyl Wrap ,ft
Aura Ultra Gloss Storm Blue,Vinyl Wrap ,ft
Aura Ultra Gloss Neon Yellow,Vinyl Wrap ,ft
Aura Ultra Gloss Taro Tea Pink,Vinyl Wrap ,ft
Aura Ultra Gloss Avocado Green,Vinyl Wrap ,ft
Aura Ultra Gloss Paint Metallic Java Brown,Vinyl Wrap ,ft
Aura Ultra Gloss Diamond White Gold Shift,Vinyl Wrap ,ft
Aura Ultra Gloss Cardinal Red,Vinyl Wrap ,ft
Aura Ultra Gloss Iridescent Pink,Vinyl Wrap ,ft
Aura Ultra Gloss Ultraviolet Purple,Vinyl Wrap ,ft
Aura Ultra Gloss Paint Metallic Storm Blue,Vinyl Wrap ,ft
Aura Ultra Gloss Paint Metallic Amber,Vinyl Wrap ,ft
Aura Ultra Gloss Purple Chrome,Vinyl Wrap ,ft
Aura Ultra Gloss Teal Chrome,Vinyl Wrap ,ft
Aura Ultra Gloss Pinkberry Pearl,Vinyl Wrap ,ft
Aura Ultra Gloss Amethyst Purple,Vinyl Wrap ,ft
Aura Ultra Gloss Blue Prismatic Chrome,Vinyl Wrap ,ft
Aura Ultra Gloss Bone White,Vinyl Wrap ,ft
Aura Ultra Gloss British Racing Green,Vinyl Wrap ,ft
Aura Ultra Gloss Pink Matcha,Vinyl Wrap ,ft
Aura Ultra Gloss Candy Green,Vinyl Wrap ,ft
Aura Ultra Gloss Coral Fluro Yellow,Vinyl Wrap ,ft
Aura Ultra Gloss Cotton Candy Chrome,Vinyl Wrap ,ft
Aura Ultra Gloss Fuschia Pink,Vinyl Wrap ,ft
Aura Ultra Gloss Lavender,Vinyl Wrap ,ft
Aura Ultra Gloss Metallic Gold Green Shift,Vinyl Wrap ,ft
Aura Ultra Gloss Nebula Dark Star,Vinyl Wrap ,ft
Aura Ultra Gloss Nebula Orchid,Vinyl Wrap ,ft
Aura Ultra Gloss Paint Metallic Bright Emerald Green,Vinyl Wrap ,ft
Aura ltra Gloss Paint Metallic Coral Green,Vinyl Wrap ,ft
Aura Ultra Gloss Paint Metallic Fluro Orange,Vinyl Wrap ,ft
Aura Ultra Gloss Paint Metallic Francesca Green,Vinyl Wrap ,ft
Aura Ultra Gloss Paint Metallic Fuschia,Vinyl Wrap ,ft
Aura Ultra Gloss Paint Metallic Haze Purple,Vinyl Wrap ,ft
Aura Ultra Gloss Paint Metallic Liquid Lavender,Vinyl Wrap ,ft
Aura Ultra Gloss Paint Metallic Rose Gold,Vinyl Wrap ,ft
Aura Ultra Gloss Paint Metallic Smoky Purple,Vinyl Wrap ,ft
Aura Ultra Gloss Sport Grey,Vinyl Wrap ,ft
Aura Ultra Gloss Tropical Chrome,Vinyl Wrap ,ft
Aura Ultra Gloss White Prismatic Chrome,Vinyl Wrap ,ft
Aura Ultra Gloss Pink Green Shift,Vinyl Wrap ,ft
Aura Ultra Gloss Nebula Galactic Nightfall,Vinyl Wrap ,ft
Aura Satin Nebula Jungle Green Blue,Vinyl Wrap ,ft
Aura Gloss Diamond Nebula Purple Gold,Vinyl Wrap ,ft
Aura Gloss Nebula Midnight Thunder,Vinyl Wrap ,ft
Aura Satin Diamond Nebula Purple Gold,Vinyl Wrap ,ft
Aura Satin Diamond Nebula Green Envy,Vinyl Wrap ,ft
Aura Satin Diamond Nebula Purple Blue,Vinyl Wrap ,ft
Aura Gloss Nebula Jungle Green Blue,Vinyl Wrap ,ft
Aura Gloss Nebula Northern Lights,Vinyl Wrap ,ft
Aura Gloss Nebula Red Grey,Vinyl Wrap ,ft
Aura Satin Diamond Nebula Green Blue,Vinyl Wrap ,ft
Aura Ultra Gloss Nebula Cosmos,Vinyl Wrap ,ft
Aura Satin Diamond Nebula Blue Purple Red,Vinyl Wrap ,ft
Aura Gloss Nebula Purple Green,Vinyl Wrap ,ft
Aura Satin Diamond Nebula Grey Green,Vinyl Wrap ,ft
Aura Matte Nebula Grey,Vinyl Wrap ,ft
Aura Gloss Diamond Nebula Green Purple,Vinyl Wrap ,ft
Aura Ultra Gloss Nebula City of Angels,Vinyl Wrap ,ft
Aura Satin Nebula Red Purple Grey,Vinyl Wrap ,ft
Aura Gloss Nebula Grey Lavender,Vinyl Wrap ,ft
Aura Satin Diamond Nebula Blue Purple,Vinyl Wrap ,ft
Aura Gloss Nebula Red Purple Grey,Vinyl Wrap ,ft
Aura Gloss Diamond Nebula Grey Red,Vinyl Wrap ,ft
Aura Gloss Nebula Grey Green,Vinyl Wrap ,ft
Aura Gloss Diamond Nebula Green Envy,Vinyl Wrap ,ft
Aura Gloss Diamond Nebula Blue Purple Red,Vinyl Wrap ,ft
Aura Ultra Gloss Nebula Golden Hour Shift,Vinyl Wrap ,ft
Aura Gloss Nebula Pink Purple,Vinyl Wrap ,ft
Aura Gloss Diamond Nebula Blue Purple,Vinyl Wrap ,ft
Aura Gloss Diamond Nebula Green Blue,Vinyl Wrap ,ft
Aura Satin Diamond Nebula Red Purple,Vinyl Wrap ,ft
Aura Gloss Nebula Rainbow Emerald Green,Vinyl Wrap ,ft
Aura Gloss Nebula Blue Green,Vinyl Wrap ,ft
Aura Ultra Gloss Nebula Autumn Sunset,Vinyl Wrap ,ft
Aura Ultra Gloss Nebula Sugar Rush,Vinyl Wrap ,ft
Aura Hyper Matte Nebula Grey PPF,Paint Protection Film(PPF),ft
Aura Hyper Gloss Diamond Nebula Blue Purple Red PPF,Paint Protection Film(PPF),ft
Aura Hyper Gloss Diamond Nebula Grey Red PPF,Paint Protection Film(PPF),ft
Aura Hyper Gloss Diamond Nebula Green Blue Purple PPF,Paint Protection Film(PPF),ft
Aura Ultra Gloss Nebula Rainforest,Vinyl Wrap ,ft
Aura Ultra Gloss Nebula Acid Rain,Vinyl Wrap ,ft
Aura Ultra Gloss Nebula Enchanted Amulet,Vinyl Wrap ,ft
Aura Ultra Gloss Nebula Arctic Fire,Vinyl Wrap ,ft
Aura Gloss Nebula Sea Monster,Vinyl Wrap ,ft
Aura Matte Nebula Sea Monster,Vinyl Wrap ,ft
Aura Gloss Nebula Mystic Bliss,Vinyl Wrap ,ft
Aura Hyper Gloss Diamond Nebula Spark PPF,Paint Protection Film(PPF),ft
Aura Hyper Gloss Nebula Jungle Green Blue PPF,Paint Protection Film(PPF),ft
Aura Hyper Matte Diamond Nebula Spark PPF,Paint Protection Film(PPF),ft
Aura Hyper Matte Nebula Jungle Green Blue PPF,Paint Protection Film(PPF),ft
Aura Ultra Gloss Nebula Northern Lights,Vinyl Wrap ,ft
Aura Ultra Gloss Nebula Urban Bamboo,Vinyl Wrap ,ft
Aura Gloss Nebula Princess Peach,Vinyl Wrap ,ft
Aura Gloss Nebula Cosmic Emerald,Vinyl Wrap ,ft
Aura Gloss Nebula Celestial Twilight,Vinyl Wrap ,ft
Aura Gloss Nebula Golden Ember,Vinyl Wrap ,ft
Aura Hyper Gloss Nebula Enchanted Amulet PPF,Paint Protection Film(PPF),ft
Aura Ultra Gloss Nebula Dark Star,Vinyl Wrap ,ft
Aura Ultra Gloss Nebula Orchid,Vinyl Wrap ,ft
Aura Paint Metallic Midnight Green,Vinyl Wrap ,ft
Aura Gloss Paint Metallic Isle Of Man Green,Vinyl Wrap ,ft
Aura Gloss Paint Metallic Champagne,Vinyl Wrap ,ft
Aura Gloss Paint Metallic Sapphire Blue,Vinyl Wrap ,ft
Aura Gloss Paint Metallic Orange Gold,Vinyl Wrap ,ft
Aura Gloss Paint Metallic Black Rose Burgundy,Vinyl Wrap ,ft
Aura Gloss Paint Metallic Coral Green,Vinyl Wrap ,ft
Aura Gloss Paint Metallic Midnight Purple,Vinyl Wrap ,ft
Aura Gloss Paint Metallic Sonoma Green,Vinyl Wrap ,ft
Aura Gloss Paint Metallic Dark Emerald Green,Vinyl Wrap ,ft
Aura Gloss Paint Metallic Liquid Copper,Vinyl Wrap ,ft
Aura Gloss Paint Metallic Polar Purple,Vinyl Wrap ,ft
Aura Gloss Paint Metallic Battle Grey,Vinyl Wrap ,ft
Aura Gloss Paint Metallic Blueberry,Vinyl Wrap ,ft
Aura Gloss Paint Metallic Cherry Blossom,Vinyl Wrap ,ft
Aura Gloss Paint Metallic Emerald,Vinyl Wrap ,ft
Aura Gloss Paint Metallic Grape Purple,Vinyl Wrap ,ft
Aura Gloss Paint Metallic Grey,Vinyl Wrap ,ft
Aura Gloss Paint Metallic Snow White,Vinyl Wrap ,ft
Aura Gloss Paint Metallic Purple,Vinyl Wrap ,ft
Aura Gloss Paint Metallic Fire Red,Vinyl Wrap ,ft
Aura Gloss Paint Metallic Liquid Gunmetal,Vinyl Wrap ,ft
Aura Gloss Paint Metallic Ice Blue,Vinyl Wrap ,ft
Aura Gloss Paint Metallic Yellow,Vinyl Wrap ,ft
Aura Gloss Paint Metallic Royal Green,Vinyl Wrap ,ft
Aura Gloss Paint Metallic Agate Green,Vinyl Wrap ,ft
Aura Gloss Paint Metallic Francesca Green,Vinyl Wrap ,ft
Aura Gloss Paint Metallic Midnight Blue,Vinyl Wrap ,ft
Aura Gloss Paint Metallic Champagne Gold,Vinyl Wrap ,ft
Aura Gloss Paint Metallic Tanzanite Blue,Vinyl Wrap ,ft
Aura Gloss Paint Metallic Bright Silver,Vinyl Wrap ,ft
Aura Gloss Paint Metallic Cyan,Vinyl Wrap ,ft
Aura Gloss Paint Metallic Orange,Vinyl Wrap ,ft
Aura Gloss Paint Metallic Forest Green,Vinyl Wrap ,ft
Aura Gloss Paint Metallic Mercedes Green,Vinyl Wrap ,ft
Aura Gloss Paint Metallic Black,Vinyl Wrap ,ft
Aura Gloss Paint Metallic Wine Red,Vinyl Wrap ,ft
Aura Gloss Paint Metallic Mamba Green,Vinyl Wrap ,ft
Aura Gloss Paint Metallic Liquid White,Vinyl Wrap ,ft
Aura Gloss Paint Metallic Shell Pink,Vinyl Wrap ,ft
Aura Gloss Paint Metallic Deep Grey,Vinyl Wrap ,ft
Aura Gloss Paint Metallic Coal Grey,Vinyl Wrap ,ft
Aura Gloss Paint Metallic Emperor Blue,Vinyl Wrap ,ft
Aura Gloss Paint Metallic Jade,Vinyl Wrap ,ft
Aura Gloss Paint Metallic Lava Orange,Vinyl Wrap ,ft
Aura Gloss Paint Metallic Space Grey,Vinyl Wrap ,ft
Aura Gloss Paint Metallic Sunflower Yellow,Vinyl Wrap ,ft
Aura Gloss Paint Metallic Silver,Vinyl Wrap ,ft
Aura Gloss Paint Metallic Galaxy Blue,Vinyl Wrap ,ft
Aura Gloss Paint Metallic Champagne Tan,Vinyl Wrap ,ft
Aura Gloss Paint Metallic Shell White,Vinyl Wrap ,ft
Aura Gloss Paint Metallic Lake Blue,Vinyl Wrap ,ft
Aura Gloss Paint Metallic Liquid Blue,Vinyl Wrap ,ft
Aura Paint Metallic Night Green,Vinyl Wrap ,ft
Aura Gloss Paint Metallic Violet,Vinyl Wrap ,ft
Aura Gloss Paint Metallic Fir Green,Vinyl Wrap ,ft
Aura Gloss Paint Metallic Cherry Red,Vinyl Wrap ,ft
Aura Paint Metallic Forest Green,Vinyl Wrap ,ft
Aura Gloss Paint Metallic Blue Grey,Vinyl Wrap ,ft
Aura Gloss Paint Metallic Millennium Jade,Vinyl Wrap ,ft
Aura Gloss Paint Metallic White,Vinyl Wrap ,ft
Aura Gloss Paint Metallic Titanium Grey,Vinyl Wrap ,ft
Aura Gloss Paint Metallic Liquid Silver,Vinyl Wrap ,ft
Aura Gloss Paint Metallic Pearl White,Vinyl Wrap ,ft
Aura Gloss Paint Metallic Ice Berry,Vinyl Wrap ,ft
Aura Gloss Paint Metallic Soul Red,Vinyl Wrap ,ft
Aura Gloss Paint Metallic Deep Ocean Blue,Vinyl Wrap ,ft
Aura Gloss Paint Metallic Liquid Green,Vinyl Wrap ,ft
Aura Gloss Paint Metallic Midnight Violet,Vinyl Wrap ,ft
Aura Gloss Paint Metallic Black Cherry Red,Vinyl Wrap ,ft
Aura Gloss Paint Metallic Bay Blue,Vinyl Wrap ,ft
Aura Gloss Paint Metallic Cobalt Blue,Vinyl Wrap ,ft
Aura Gloss Paint Metallic Stardust Purple,Vinyl Wrap ,ft
Aura Gloss Paint Metallic Onyx Blue,Vinyl Wrap ,ft
Aura Ultra Gloss Paint Metallic Silver,Vinyl Wrap ,ft
Aura Ultra Gloss Paint Metallic Aluminum,Vinyl Wrap ,ft
Aura Ultra Gloss Paint Metallic Grey,Vinyl Wrap ,ft
Aura Ultra Gloss Paint Metallic Liquid Blue,Vinyl Wrap ,ft
Aura Ultra Gloss Paint Metallic Forest Green,Vinyl Wrap ,ft
Aura Ultra Gloss Paint Metallic Green,Vinyl Wrap ,ft
Aura Ultra Gloss Paint Metallic Midnight Green,Vinyl Wrap ,ft
Aura Ultra Gloss Paint Metallic Midnight Blue,Vinyl Wrap ,ft
Aura Ultra Gloss Paint Metallic Twilight Blue,Vinyl Wrap ,ft
Aura Ultra Gloss Paint Metallic Deep Blue,Vinyl Wrap ,ft
Aura Ultra Gloss Paint Metallic Soul Red,Vinyl Wrap ,ft
Aura Ultra Gloss Paint Metallic Cherry Red,Vinyl Wrap ,ft
Aura Ultra Gloss Paint Metallic Blood Red,Vinyl Wrap ,ft
Aura Ultra Gloss Paint Metallic Frozen Berry,Vinyl Wrap ,ft
Aura Ultra Gloss Paint Metallic Pink,Vinyl Wrap ,ft
Aura Ultra Gloss Paint Metallic Brown,Vinyl Wrap ,ft
Aura Ultra Gloss Paint Metallic Midnight Gold,Vinyl Wrap ,ft
Aura Ultra Gloss Paint Metallic Emerald Green,Vinyl Wrap ,ft
Aura Ultra Gloss Paint Metallic Green Gold Shift,Vinyl Wrap ,ft
Aura Ultra Gloss Paint Metallic Isle of Man Green,Vinyl Wrap ,ft
Aura Ultra Gloss Paint Metallic Purple,Vinyl Wrap ,ft
Aura Ultra Gloss Paint Metallic Liquid Silver,Vinyl Wrap ,ft
Aura Ultra Gloss Paint Metallic Wine Red,Vinyl Wrap ,ft
Aura Ultra Gloss Paint Metallic Black,Vinyl Wrap ,ft
Aura Ultra Gloss Paint Metallic Burgundy,Vinyl Wrap ,ft
Aura Ultra Gloss Paint Metallic Champagne Gold,Vinyl Wrap ,ft
Aura Ultra Gloss Paint Metallic Yellow,Vinyl Wrap ,ft
Aura Ultra Gloss Paint Metallic Plum Purple,Vinyl Wrap ,ft
Aura Ultra Gloss Paint Metallic Berry Purple,Vinyl Wrap ,ft
Aura Ultra Gloss Paint Metallic Orange,Vinyl Wrap ,ft
Aura Ultra Gloss Paint Metallic Vibrant Purple,Vinyl Wrap ,ft
Aura Ultra Gloss Paint Metallic Millennium Jade,Vinyl Wrap ,ft
Aura Ultra Gloss Paint Metallic Blue Dream,Vinyl Wrap ,ft
Aura Ultra Gloss Paint Metallic Dragon Green,Vinyl Wrap ,ft
Aura Ultra Gloss Paint Metallic Gold,Vinyl Wrap ,ft
Aura Ultra Gloss Paint Metallic Mamba Green,Vinyl Wrap ,ft
Aura Ultra Gloss Paint Metallic Navy Blue,Vinyl Wrap ,ft
Aura Ultra Gloss Paint Metallic Raspberry Pink,Vinyl Wrap ,ft
Aura Ultra Gloss Paint Metallic Rose Pink,Vinyl Wrap ,ft
Aura Ultra Gloss Paint Metallic Shadow Grey,Vinyl Wrap ,ft
Aura Hyper Gloss Paint Metallic Mamba Green PPF,Paint Protection Film(PPF),ft
Aura Hyper Gloss Paint Metallic Liquid Blue PPF,Paint Protection Film(PPF),ft
Aura Hyper Gloss Paint Metallic Berry Purple PPF,Paint Protection Film(PPF),ft
Aura Hyper Gloss Paint Metallic Midnight Blue PPF,Paint Protection Film(PPF),ft
Aura Hyper Gloss Paint Metallic Chalk Grey PPF,Paint Protection Film(PPF),ft
Aura Hyper Gloss Paint Metallic Blue Dream PPF,Paint Protection Film(PPF),ft
Aura Hyper Gloss Paint Metallic Fantasy Green PPF,Paint Protection Film(PPF),ft
Aura Hyper Gloss Paint Metallic Deep Grey PPF,Paint Protection Film(PPF),ft
Aura Hyper Gloss Paint Metallic Galactic Blue PPF,Paint Protection Film(PPF),ft
Aura Hyper Gloss Paint Metallic Dark Emerald Green PPF,Paint Protection Film(PPF),ft
Aura Hyper Gloss Paint Metallic Liquid Silver PPF,Paint Protection Film(PPF),ft
Aura Hyper Gloss Paint Metallic Liquid Gunmetal PPF,Paint Protection Film(PPF),ft
Aura Hyper Gloss Paint Metallic Champagne Gold PPF,Paint Protection Film(PPF),ft
Aura Hyper Gloss Paint Metallic Emerald Green PPF,Paint Protection Film(PPF),ft
Aura Hyper Gloss Paint Metallic Wine Red PPF,Paint Protection Film(PPF),ft
Aura Hyper Gloss Paint Metallic Silver PPF,Paint Protection Film(PPF),ft
Aura Hyper Gloss Paint Metallic Francesca Green PPF,Paint Protection Film(PPF),ft
Aura Hyper Gloss Paint Metallic Frozen Berry PPF,Paint Protection Film(PPF),ft
Aura Hyper Gloss Paint Metallic Bay Blue PPF,Paint Protection Film(PPF),ft
Aura Hyper Gloss Paint Metallic Green Gold Shift PPF,Paint Protection Film(PPF),ft
Aura Hyper Gloss Paint Metallic Liquid Bronze PPF,Paint Protection Film(PPF),ft
Aura Hyper Gloss Paint Metallic White PPF,Paint Protection Film(PPF),ft
Aura Hyper Gloss Paint Metallic Cherry Blossom Pink PPF,Paint Protection Film(PPF),ft
Aura Hyper Gloss Paint Metallic Burgundy PPF,Paint Protection Film(PPF),ft
Aura Hyper Gloss Paint Metallic Deep Ocean Blue PPF,Paint Protection Film(PPF),ft
Aura Hyper Gloss Paint Metallic Isle of Man Green PPF,Paint Protection Film(PPF),ft
Aura Hyper Gloss Paint Metallic Snow White PPF,Paint Protection Film(PPF),ft
Aura Hyper Gloss Paint Metallic Yellow PPF,Paint Protection Film(PPF),ft
Aura Hyper Gloss Paint Metallic Pine Green PPF,Paint Protection Film(PPF),ft
Aura Hyper Gloss Paint Metallic Daytona Grey PPF,Paint Protection Film(PPF),ft
Aura Ultra Gloss Paint Metallic Java Brown,Vinyl Wrap ,ft
Aura Ultra Gloss Paint Metallic Storm Blue,Vinyl Wrap ,ft
Aura Ultra Gloss Paint Metallic Amber,Vinyl Wrap ,ft
Aura Hyper Gloss Paint Metallic Austin Yellow PPF,Paint Protection Film(PPF),ft
Aura Hyper Gloss Paint Metallic Black Cherry Red PPF,Paint Protection Film(PPF),ft
Aura Hyper Gloss Paint Metallic Cherry Red PPF,Paint Protection Film(PPF),ft
Aura Hyper Gloss Paint Metallic Cobalt Blue PPF,Paint Protection Film(PPF),ft
Aura Hyper Gloss Paint Metallic Forest Green PPF,Paint Protection Film(PPF),ft
Aura Hyper Gloss Paint Metallic Midnight Teal PPF,Paint Protection Film(PPF),ft
Aura Hyper Gloss Paint Metallic Orange PPF,Paint Protection Film(PPF),ft
Aura Hyper Gloss Paint Metallic Orangered PPF,Paint Protection Film(PPF),ft
Aura Ultra Gloss Paint Metallic Bright Emerald Green,Vinyl Wrap ,ft
Aura Ultra Gloss Paint Metallic Coral Green,Vinyl Wrap ,ft
Aura Ultra Gloss Paint Metallic Fluro Orange,Vinyl Wrap ,ft
Aura Ultra Gloss Paint Metallic Francesca Green,Vinyl Wrap ,ft
Aura Ultra Gloss Paint Metallic Fuschia,Vinyl Wrap ,ft
Aura Ultra Gloss Paint Metallic Haze Purple,Vinyl Wrap ,ft
Aura Ultra Gloss Paint Metallic Liquid Lavender,Vinyl Wrap ,ft
Aura Ultra Gloss Paint Metallic Rose Gold,Vinyl Wrap ,ft
Aura Ultra Gloss Paint Metallic Smoky Purple,Vinyl Wrap ,ft
Aura Gloss Pearl Powder Pink,Vinyl Wrap ,ft
Aura Gloss Aurora Pearl Shift,Vinyl Wrap ,ft
Aura Satin Pearl White,Vinyl Wrap ,ft
Aura Gloss Pearl White,Vinyl Wrap ,ft
Aura Ultra Gloss Aluminum Purple Pearl,Vinyl Wrap ,ft
Aura Gloss Lavender Pearl,Vinyl Wrap ,ft
Aura Ultra Gloss Mint Pearl Green,Vinyl Wrap ,ft
Aura Ultra Gloss Pearl Green,Vinyl Wrap ,ft
Aura Ultra Gloss Pink Pearl,Vinyl Wrap ,ft
Aura Moonlight Jade Pearl,Vinyl Wrap ,ft
Aura Gloss Pearl Peach,Vinyl Wrap ,ft
Aura Satin Aurora Pearl Shift,Vinyl Wrap ,ft
Aura Gloss Chanel Yellow Pearl,Vinyl Wrap ,ft
Aura Gloss Jade Pearl,Vinyl Wrap ,ft
Aura Ultra Gloss Aurora Pearl Shift,Vinyl Wrap ,ft
Aura Gloss Avocado Green Pearl,Vinyl Wrap ,ft
Aura Ultra Gloss Yellow Pearl,Vinyl Wrap ,ft
Aura Gloss Paint Metallic Pearl White,Vinyl Wrap ,ft
Aura Ultra Gloss Pearl Pink,Vinyl Wrap ,ft
Aura Gloss Violet Pearl,Vinyl Wrap ,ft
Aura Gloss Pearl Jazz Blue,Vinyl Wrap ,ft
Aura Ultra Gloss Lavender Pearl,Vinyl Wrap ,ft
Aura Ultra Gloss Nogaro Blue Pearl,Vinyl Wrap ,ft
Aura Ultra Gloss Rose Petal Red Pearl,Vinyl Wrap ,ft
Aura Hyper Gloss Chanel Yellow Pearl PPF,Paint Protection Film(PPF),ft
Aura Ultra Gloss Pearl White,Vinyl Wrap ,ft
Aura Hyper Gloss Aluminum Purple Pearl,Vinyl Wrap ,ft
Aura Ultra Gloss Aluminum Blue Pearl,Vinyl Wrap ,ft
Aura Ultra Gloss Pinkberry Pearl,Vinyl Wrap ,ft
Aura Gloss Pinkberry Pearl,Vinyl Wrap ,ft
Aura Hyper Matte Pearl White PPF,Paint Protection Film(PPF),ft
Aura Hyper Gloss Aluminum Blue Pearl PPF,Paint Protection Film(PPF),ft
Aura Ultra Gloss Diamond Black Blue Shift,Vinyl Wrap ,ft
Aura Gloss Black To Red Shift,Vinyl Wrap ,ft
Aura Satin Lavender Green Shift,Vinyl Wrap ,ft
Aura Satin Grey Green Shift,Vinyl Wrap ,ft
Aura Gloss Diamond White Purple Shift,Vinyl Wrap ,ft
Aura Satin Diamond Grey Blue Shift,Vinyl Wrap ,ft
Aura Matte Black Blue Shift,Vinyl Wrap ,ft
Aura Gloss Aurora Pearl Shift,Vinyl Wrap ,ft
Aura Gloss Double Purple Shift,Vinyl Wrap ,ft
Aura Gloss Lavender Blue Shift,Vinyl Wrap ,ft
Aura Gloss Coral Gold Shift,Vinyl Wrap ,ft
Aura Gloss White Lavender Shift,Vinyl Wrap ,ft
Aura Satin Diamond Gold Pink Shift,Vinyl Wrap ,ft
Aura Satin Diamond Miami Blue Gold Shift,Vinyl Wrap ,ft
Aura Gloss White Blue Shift,Vinyl Wrap ,ft
Aura Satin Black Purple Shift,Vinyl Wrap ,ft
Aura Gloss Coral Orange Shift,Vinyl Wrap ,ft
Aura Satin White Blue Shift,Vinyl Wrap ,ft
Aura Gloss Diamond Pink Gold Shift,Vinyl Wrap ,ft
Aura Ultra Gloss Grey Green Shift,Vinyl Wrap ,ft
Aura Matte Metal Green Shift,Vinyl Wrap ,ft
Aura Gloss Diamond Blue Red Shift,Vinyl Wrap ,ft
Aura Ultra Gloss Aurora Pearl Shift,Vinyl Wrap ,ft
Aura Satin Diamond Khaki Green Gold Shift,Vinyl Wrap ,ft
Aura Satin Diamond Orange Gold Shift,Vinyl Wrap ,ft
Aura Matte Grey Blue Shift,Vinyl Wrap ,ft
Aura Satin Powder Pink Shift,Vinyl Wrap ,ft
Aura Ultra Gloss Diamond Dark Grey Purple Shift,Vinyl Wrap ,ft
Aura Ultra Gloss Blue Green Ghost Shift,Vinyl Wrap ,ft
Aura Satin White Red Shift,Vinyl Wrap ,ft
Aura Gloss Blush Pink Red Shift,Vinyl Wrap ,ft
Aura Satin Diamond Deep Pink Shif,Vinyl Wrap ,ft
Aura Ultra Gloss Green Silver Shift,Vinyl Wrap ,ft
Aura Gloss Sea Blue Green Shift,Vinyl Wrap ,ft
Aura Satin Diamond Powder Blue Gold Shift,Vinyl Wrap ,ft
Aura Gloss Peach Pink Shift,Vinyl Wrap ,ft
Aura Satin Diamond Powder Pink Gold Shift,Vinyl Wrap ,ft
Aura Satin Diamond Yellow Gold Shift,Vinyl Wrap ,ft
Aura Matte Mountain Blue Green Shift,Vinyl Wrap ,ft
Aura Gloss Double Blue Shift,Vinyl Wrap ,ft
Aura Satin White Lavender Shift,Vinyl Wrap ,ft
Aura Gloss Lavender Green Shift,Vinyl Wrap ,ft
Aura Gloss Metallic Gold Green Shift,Vinyl Wrap ,ft
Aura Satin Diamond Forest Green Gold Shift,Vinyl Wrap ,ft
Aura Ultra Gloss Purple Pink Shift,Vinyl Wrap ,ft
Aura Gloss Diamond Blush Pink Gold Shift,Vinyl Wrap ,ft
Aura Gloss Diamond Khaki Green Gold Shift,Vinyl Wrap ,ft
Aura Ultra Gloss Silver Purple Shift,Vinyl Wrap ,ft
Aura Satin Diamond Cement Grey Gold Shift,Vinyl Wrap ,ft
Aura Gloss Dark Grey Red Shift,Vinyl Wrap ,ft
Aura Gloss Diamond Cement Grey Gold Shift,Vinyl Wrap ,ft
Aura Matte Black Green Shift,Vinyl Wrap ,ft
Aura Gloss White Red Shift,Vinyl Wrap ,ft
Aura Ultra Gloss Ghost Black Red Shift,Vinyl Wrap ,ft
Aura Satin Blush Pink Red Shift,Vinyl Wrap ,ft
Aura Gloss Grey Green Shift,Vinyl Wrap ,ft
Aura Matte Blue Black Shift,Vinyl Wrap ,ft
Aura Ultra Gloss Diamond Black Red Shift,Vinyl Wrap ,ft
Aura Gloss Cement Blue Shift,Vinyl Wrap ,ft
Aura Gloss Diamond White Gold Shift,Vinyl Wrap ,ft
Aura Satin Glacier Blue Green Shift,Vinyl Wrap ,ft
Aura Gloss Fantasy Silver Purple Shift,Vinyl Wrap ,ft
Aura Satin White Gold Shift,Vinyl Wrap ,ft
Aura Gloss Diamond White Green Shift,Vinyl Wrap ,ft
Aura Gloss Grey Blue Shift,Vinyl Wrap ,ft
Aura Gloss Rock Blue Shift,Vinyl Wrap ,ft
Aura Satin Diamond Piggy Pink Gold Shift,Vinyl Wrap ,ft
Aura Gloss Battleship Green Gold Shift,Vinyl Wrap ,ft
Aura Ultra Gloss Grey Red Shift,Vinyl Wrap ,ft
Aura Gloss White Gold Shift,Vinyl Wrap ,ft
Aura Gloss Diamond Chalk Grey Gold Shift,Vinyl Wrap ,ft
Aura Matte Purple Black Shift,Vinyl Wrap ,ft
Aura Gloss Sky Gold Shift,Vinyl Wrap ,ft
Aura Ultra Gloss Nebula Golden Hour Shift,Vinyl Wrap ,ft
Aura Satin Diamond Robin Blue Gold Shift,Vinyl Wrap ,ft
Aura Satin Diamond Pink Gold Shift,Vinyl Wrap ,ft
Aura Gloss Diamond White Blue Shift,Vinyl Wrap ,ft
Aura Ultra Gloss Grey Purple Shift,Vinyl Wrap ,ft
Aura Gloss Gold Pink Shift,Vinyl Wrap ,ft
Aura Satin Diamond White Red Shift,Vinyl Wrap ,ft
Aura Matte Green Black Shift,Vinyl Wrap ,ft
Aura Ultra Gloss Paint Metallic Green Gold Shift,Vinyl Wrap ,ft
Aura Satin Diamond Chalk Grey Gold Shift,Vinyl Wrap ,ft
Aura Ultra Gloss Ghost Green Grey Shift,Vinyl Wrap ,ft
Aura Satin Diamond White Blue Shift,Vinyl Wrap ,ft
Aura Satin Aurora Pearl Shift,Vinyl Wrap ,ft
Aura Satin Diamond Lavender Gold Shift,Vinyl Wrap ,ft
Aura Satin Lavender Blue Shift,Vinyl Wrap ,ft
Aura Ultra Gloss Grey Gold Shift,Vinyl Wrap ,ft
Aura Gloss Magic Fantasy Blue Green Shift,Vinyl Wrap ,ft
Aura Gloss Fluoro Yellow Gold Shift,Vinyl Wrap ,ft
Aura Satin Diamond White Gold Shift,Vinyl Wrap ,ft
Aura Ultra Gloss Diamond White Blue Shift,Vinyl Wrap ,ft
Aura Ultra Gloss Diamond White Red Shift,Vinyl Wrap ,ft
Aura Ultra Gloss Grey Blue Shift,Vinyl Wrap ,ft
Aura Ultra Gloss Pink Purple Shift,Vinyl Wrap ,ft
Aura Hyper Matte Grey Blue Shift PPF,Paint Protection Film(PPF),ft
Aura Hyper Gloss Pink Red Shift PPF,Paint Protection Film(PPF),ft
Aura Hyper Gloss Diamond Double Purple Shift PPF,Paint Protection Film(PPF),ft
Aura Hyper Gloss Grey Gold Shift PPF,Paint Protection Film(PPF),ft
Aura Hyper Gloss Powder Blue Gold Shift PPF,Paint Protection Film(PPF),ft
Aura Hyper Gloss Black Red Shift PPF,Paint Protection Film(PPF),ft
Aura Hyper Gloss Grey Green Shift PPF,Paint Protection Film(PPF),ft
Aura Hyper Gloss Grey Red Shift PPF,Paint Protection Film(PPF),ft
Aura Hyper Gloss Diamond White Gold Shift PPF,Paint Protection Film(PPF),ft
Aura Hyper Gloss White Red Shift PPF,Paint Protection Film(PPF),ft
Aura Hyper Gloss Paint Metallic Green Gold Shift PPF,Paint Protection Film(PPF),ft
Aura Hyper Gloss Diamond White Blue Shift PPF,Paint Protection Film(PPF),ft
Aura Gloss Diamond White Red Shift,Vinyl Wrap ,ft
Aura Hyper Gloss Diamond White Red Shift PPF,Paint Protection Film(PPF),ft
Aura Hyper Gloss Green Gold Shift PPF,Paint Protection Film(PPF),ft
Aura Matte Pink Rose Shift,Vinyl Wrap ,ft
Aura Hyper Matte Black Red Shift PPF,Paint Protection Film(PPF),ft
Aura Ultra Gloss Diamond White Gold Shift,Vinyl Wrap ,ft
Aura Hyper Matte Grey Purple Shift PPF,Paint Protection Film(PPF),ft
Aura Ultra Gloss Metallic Gold Green Shift,Vinyl Wrap ,ft
Aura Ultra Gloss Pink Green Shift,Vinyl Wrap ,ft
Aura Gloss Iridescent Psychedelic Grey,Vinyl Wrap ,ft
Aura Gloss Iridescent Tiffany Blue,Vinyl Wrap ,ft
Aura Gloss Iridescent White,Vinyl Wrap ,ft
Aura Gloss Iridescent Purple,Vinyl Wrap ,ft
Aura Gloss Iridescent Pink,Vinyl Wrap ,ft
Aura Gloss Iridescent Blush Pink,Vinyl Wrap ,ft
Aura Gloss Iridescent Nardo Grey,Vinyl Wrap ,ft
Aura Satin Iridescent Grey,Vinyl Wrap ,ft
Aura Gloss Iridescent Robin Blue,Vinyl Wrap ,ft
Aura Ultra Gloss Iridescent Black,Vinyl Wrap ,ft
Aura Ultra Gloss Iridescent White,Vinyl Wrap ,ft
Aura Gloss Iridescent Silver,Vinyl Wrap ,ft
Aura Gloss Iridescent Sea Blue,Vinyl Wrap ,ft
Aura Satin Iridescent White,Vinyl Wrap ,ft
Aura Gloss Iridescent Black,Vinyl Wrap ,ft
Aura Gloss Iridescent Battleship Grey,Vinyl Wrap ,ft
Aura Gloss Iridescent Blue,Vinyl Wrap ,ft
Aura Gloss Iridescent Grey,Vinyl Wrap ,ft
Aura Gloss Iridescent Powder Pink,Vinyl Wrap ,ft
Aura Ultra Gloss Iridescent Silver,Vinyl Wrap ,ft
Aura Ultra Gloss Iridescent Tiffany Blue,Vinyl Wrap ,ft
Aura Hyper Gloss Iridescent Silver PPF,Paint Protection Film(PPF),ft
Aura Hyper Gloss Iridescent White PPF,Paint Protection Film(PPF),ft
Aura Hyper Gloss Iridescent Black PPF,Paint Protection Film(PPF),ft
Aura Hyper Matte Iridescent Silver PPF,Paint Protection Film(PPF),ft
Aura Ultra Gloss Iridescent Pink,Vinyl Wrap ,ft
Aura Ultra Gloss Iridescent Carbon Fiber,Vinyl Wrap ,ft
Aura Ultra Gloss Diamond Black Blue Shift,Vinyl Wrap ,ft
Aura Gloss Diamond Sparkle Desert Tan,Vinyl Wrap ,ft
Aura Gloss Diamond Sparkle White,Vinyl Wrap ,ft
Aura Gloss Diamond Nebula Purple Gold,Vinyl Wrap ,ft
Aura Satin Diamond Grey Blue Shift,Vinyl Wrap ,ft
Aura Gloss Diamond White Purple Shift,Vinyl Wrap ,ft
Aura Gloss Diamond Sparkle Miami Blue,Vinyl Wrap ,ft
Aura Satin Diamond Nebula Purple Gold,Vinyl Wrap ,ft
Aura Satin Diamond Nebula Green Envy,Vinyl Wrap ,ft
Aura Satin Diamond Nebula Purple Blue,Vinyl Wrap ,ft
Aura Satin Diamond Miami Blue Gold Shift,Vinyl Wrap ,ft
Aura Satin Diamond Gold Pink Shift,Vinyl Wrap ,ft
Aura Satin Diamond Storm Black,Vinyl Wrap ,ft
Aura Satin Diamond Warrior Black,Vinyl Wrap ,ft
Aura Gloss Diamond White Gold Shift,Vinyl Wrap ,ft
Aura Satin Diamond Robin Blue Gold Shift,Vinyl Wrap ,ft
Aura Gloss Diamond Sparkle Black,Vinyl Wrap ,ft
Aura Satin Diamond Storm Blue,Vinyl Wrap ,ft
Aura Satin Diamond Pink Gold Shift,Vinyl Wrap ,ft
Aura Gloss Diamond White Blue Shift,Vinyl Wrap ,ft
Aura Satin Diamond Space Silver,Vinyl Wrap ,ft
Aura Satin Diamond Powder Blue Gold Shift,Vinyl Wrap ,ft
Aura Satin Diamond Metal Battle Grey,Vinyl Wrap ,ft
Aura Matte Diamond Black,Vinyl Wrap ,ft
Aura Satin Diamond Ocean Blue,Vinyl Wrap ,ft
Aura Satin Diamond Metal Green,Vinyl Wrap ,ft
Aura Gloss Diamond Khaki Green,Vinyl Wrap ,ft
Aura Gloss Diamond Sparkle Red,Vinyl Wrap ,ft
Aura Satin Diamond Metal White,Vinyl Wrap ,ft
Aura Gloss Diamond Pink Gold Shift,Vinyl Wrap ,ft
Aura Ultra Gloss Diamond Green,Vinyl Wrap ,ft
Aura Gloss Diamond Blush Pink Gold Shift,Vinyl Wrap ,ft
Aura Satin Diamond Heavy Green,Vinyl Wrap ,ft
Aura Gloss Diamond Khaki Green Gold Shift,Vinyl Wrap ,ft
Aura Gloss Diamond Crystal Grey,Vinyl Wrap ,ft
Aura Satin Diamond Cement Grey Gold Shift,Vinyl Wrap ,ft
Aura Satin Diamond Deep Pink Shift,Vinyl Wrap ,ft
Aura Satin Diamond Nebula Green Blue,Vinyl Wrap ,ft
Aura Gloss Diamond Sparkle Mist Blue,Vinyl Wrap ,ft
Aura Matte Diamond Basalt Grey,Vinyl Wrap ,ft
Aura Satin Diamond Powder Pink Gold Shift,Vinyl Wrap ,ft
Aura Gloss Diamond Sparkle Lavender,Vinyl Wrap ,ft
Aura Satin Diamond Yellow Gold Shift,Vinyl Wrap ,ft
Aura Satin Diamond Nebula Blue Purple Red,Vinyl Wrap ,ft
Aura Gloss Diamond Sparkle Khaki Green,Vinyl Wrap ,ft
Aura Satin Diamond Forest Green Gold Shift,Vinyl Wrap ,ft
Aura Gloss Diamond Crystal White,Vinyl Wrap ,ft
Aura Gloss Diamond Sparkle Yellow,Vinyl Wrap ,ft
Aura Gloss Diamond Sparkle Cement Grey,Vinyl Wrap ,ft
Aura Gloss Diamond Chalk Grey Gold Shift,Vinyl Wrap ,ft
Aura Satin Diamond Wine Red,Vinyl Wrap ,ft
Aura Satin Diamond Nebula Grey Green,Vinyl Wrap ,ft
Aura Satin Diamond Purple,Vinyl Wrap ,ft
Aura Satin Diamond Electric Green,Vinyl Wrap ,ft
Aura Gloss Diamond Nebula Green Purple,Vinyl Wrap ,ft
Aura Gloss Diamond Sparkle Glacier Blue,Vinyl Wrap ,ft
Aura Satin Diamond White Red Shift,Vinyl Wrap ,ft
Aura Gloss Diamond Sparkle Sea Blue,Vinyl Wrap ,ft
Aura Gloss Diamond Blue Red Shift,Vinyl Wrap ,ft
Aura Satin Diamond Copper Gold,Vinyl Wrap ,ft
Aura Satin Diamond Sunburn Pink,Vinyl Wrap ,ft
Aura Satin Diamond Nebula Blue Purple,Vinyl Wrap ,ft
Aura Satin Diamond Khaki Green Gold Shift,Vinyl Wrap ,ft
Aura Satin Diamond Space Grey,Vinyl Wrap ,ft
Aura Satin Diamond Piggy Pink Gold Shift,Vinyl Wrap ,ft
Aura Gloss Diamond Nebula Grey Red,Vinyl Wrap ,ft
Aura Ultra Gloss Diamond Dark Grey Purple Shift,Vinyl Wrap ,ft
Aura Satin Diamond Chalk Grey Gold Shift,Vinyl Wrap ,ft
Aura Satin Diamond White Blue Shift,Vinyl Wrap ,ft
Aura Gloss Diamond Nebula Green Envy,Vinyl Wrap ,ft
Aura Gloss Diamond Sparkle Powder Pink,Vinyl Wrap ,ft
Aura Gloss Diamond Sparkle Piggy Pink,Vinyl Wrap ,ft
Aura Gloss Diamond Nebula Blue Purple Red,Vinyl Wrap ,ft
Aura Satin Diamond Lavender Gold Shift,Vinyl Wrap ,ft
Aura Satin Diamond Lizard Green,Vinyl Wrap ,ft
Aura Satin Diamond Violet Purple,Vinyl Wrap ,ft
Aura Satin Diamond White,Vinyl Wrap ,ft
Aura Satin Diamond Ash Grey,Vinyl Wrap ,ft
Aura Gloss Diamond Nebula Blue Purple,Vinyl Wrap ,ft
Aura Satin Diamond Orange Gold Shift,Vinyl Wrap ,ft
Aura Gloss Diamond Nebula Green Blue,Vinyl Wrap ,ft
Aura Gloss Diamond Sparkle Pink,Vinyl Wrap ,ft
Aura Gloss Diamond Cement Grey Gold Shift,Vinyl Wrap ,ft
Aura Satin Diamond Army Green,Vinyl Wrap ,ft
Aura Matte Diamond Grey,Vinyl Wrap ,ft
Aura Satin Diamond Nebula Red Purple,Vinyl Wrap ,ft
Aura Gloss Diamond Sparkle Lava Orange,Vinyl Wrap ,ft
Aura Gloss Diamond Sparkle Tiffany Blue,Vinyl Wrap ,ft
Aura Gloss Diamond Northern Lights,Vinyl Wrap ,ft
Aura Gloss Diamond White Green Shift,Vinyl Wrap ,ft
Aura Gloss Diamond Sparkle Robin Blue,Vinyl Wrap ,ft
Aura Ultra Gloss Diamond Black Red Shift,Vinyl Wrap ,ft
Aura Satin Diamond White Gold Shift,Vinyl Wrap ,ft
Aura Matte Diamond Grey Purple,Vinyl Wrap ,ft
Aura Ultra Gloss Diamond Black,Vinyl Wrap ,ft
Aura Ultra Gloss Diamond Emerald,Vinyl Wrap ,ft
Aura Ultra Gloss Diamond White Blue Shift,Vinyl Wrap ,ft
Aura Ultra Gloss Diamond White Red Shift,Vinyl Wrap ,ft
Aura Hyper Matte Diamond White PPF,Vinyl Wrap ,ft
Aura Hyper Gloss Diamond Double Purple Shift PPF,Paint Protection Film(PPF),ft
Aura Hyper Gloss Diamond Sparkle Grey PPF,Paint Protection Film(PPF),ft
Aura Hyper Gloss Diamond Sparkle Black PPF,Paint Protection Film(PPF),ft
Aura Hyper Gloss Diamond Sparkle Interstellar Silver PPF,Paint Protection Film(PPF),ft
Aura Hyper Gloss Diamond Sparkle Silver PPF,Paint Protection Film(PPF),ft
Aura Hyper Gloss Diamond Sparkle White PPF,Paint Protection Film(PPF),ft
Aura Hyper Gloss Diamond Nebula Blue Purple Red PPF,Paint Protection Film(PPF),ft
Aura Hyper Gloss Diamond Nebula Grey Red PPF,Paint Protection Film(PPF),ft
Aura Hyper Gloss Diamond Nebula Green Blue Purple PPF,Paint Protection Film(PPF),ft
Aura Hyper Gloss Diamond White Gold Shift PPF,Paint Protection Film(PPF),ft
Aura Hyper Gloss Diamond White Blue Shift PPF,Paint Protection Film(PPF),ft
Aura Gloss Diamond White Red Shift,Vinyl Wrap ,ft
Aura Hyper Gloss Diamond White Red Shift PPF,Paint Protection Film(PPF),ft
Aura Hyper Gloss Diamond Nebula Spark PPF,Paint Protection Film(PPF),ft
Aura Hyper Matte Diamond Nebula Spark PPF,Paint Protection Film(PPF),ft
Aura Ultra Gloss Diamond White Gold Shift,Vinyl Wrap ,ft
Aura High Gloss Piano Black,Vinyl Wrap ,ft
Aura Gloss Royal Blue,Vinyl Wrap ,ft
Aura Gloss Midnight Blue,Vinyl Wrap ,ft
Aura Gloss Nardo Grey,Vinyl Wrap ,ft
Aura Gloss China Blue,Vinyl Wrap ,ft
Aura Gloss Black,Vinyl Wrap ,ft
Aura Gloss Lavender,Vinyl Wrap ,ft
Aura Gloss Cement Grey,Vinyl Wrap ,ft
Aura Gloss Khaki,Vinyl Wrap ,ft
Aura Gloss Retro Green,Vinyl Wrap ,ft
Aura Gloss Lava Orange,Vinyl Wrap ,ft
Aura Gloss Phantom Midnight Blue,Vinyl Wrap ,ft
Aura Gloss Lime Green,Vinyl Wrap ,ft
Aura Gloss Cool Grey,Vinyl Wrap ,ft
Aura Gloss Porcelain Blue,Vinyl Wrap ,ft
Aura Gloss Maize Yellow,Vinyl Wrap ,ft
Aura Gloss Piggy Pink,Vinyl Wrap ,ft
Aura Gloss Metallic Chameleon Blue,Vinyl Wrap ,ft
Aura Gloss Apple Green,Vinyl Wrap ,ft
Aura Gloss Sunflower Yellow,Vinyl Wrap ,ft
Aura Gloss Miami Blue,Vinyl Wrap ,ft
Aura Gloss Robin Blue,Vinyl Wrap ,ft
Aura Gloss Light Blue,Vinyl Wrap ,ft
Aura Gloss Desert Tan,Vinyl Wrap ,ft
Aura Gloss Blush Pin,Vinyl Wrap ,ft
Aura Gloss Pink,Vinyl Wrap ,ft
Aura Gloss Fuschia Pink,Vinyl Wrap ,ft
Aura Gloss Pistachio Green,Vinyl Wrap ,ft
Aura Gloss Sparkle Khaki Green,Vinyl Wrap ,ft
Aura Gloss Candy Green,Vinyl Wrap ,ft
Aura Gloss Slate Blue,Vinyl Wrap ,ft
Aura Gloss Powder Pink,Vinyl Wrap ,ft
Aura Gloss Sea Breeze Blue,Vinyl Wrap ,ft
Aura Gloss Khaki Green,Vinyl Wrap ,ft
Aura Gloss Metallic Mist Blue,Vinyl Wrap ,ft
Aura Gloss Porsche Green,Vinyl Wrap ,ft
Aura Gloss Coral Apple Green,Vinyl Wrap ,ft
Aura Gloss Sparkle Battleship Grey,Vinyl Wrap ,ft
Aura Gloss British Racing Green,Vinyl Wrap ,ft
Aura Gloss Orange,Vinyl Wrap ,ft
Aura Gloss Lake Blue,Vinyl Wrap ,ft
Aura Gloss Coral Fluro Yellow,Vinyl Wrap ,ft
Aura Gloss Crystal Pink,Vinyl Wrap ,ft
Aura Gloss Cherry Blossom Pink,Vinyl Wrap ,ft
Aura Gloss Mint Green,Vinyl Wrap ,ft
Aura Gloss Coral Sky Blue,Vinyl Wrap ,ft
Aura Gloss Glacier Blue,Vinyl Wrap ,ft
Aura Gloss Metallic Gunsmoke Grey,Vinyl Wrap ,ft
Aura Gloss Racecar Red,Vinyl Wrap ,ft
Aura Gloss Strawberry Red,Vinyl Wrap ,ft
Aura Gloss Carmine Red,Vinyl Wrap ,ft
Aura Gloss Red,Vinyl Wrap ,ft
Aura Gloss Ocean Green,Vinyl Wrap ,ft
Aura Gloss Sky Blue,Vinyl Wrap ,ft
Aura Gloss Phantom Midnight Red,Vinyl Wrap ,ft
Aura Gloss White,Vinyl Wrap ,ft
Aura Gloss Yellow,Vinyl Wrap ,ft
Aura Gloss Battle Green,Vinyl Wrap ,ft
Aura Gloss Chalk Grey,Vinyl Wrap ,ft
Aura Gloss Neon Pink,Vinyl Wrap ,ft
Aura Gloss Storm Green,Vinyl Wrap ,ft
Aura Gloss Lizard Green,Vinyl Wrap ,ft
Aura Gloss Phantom Midnight Purple,Vinyl Wrap ,ft
Aura Gloss Moss Green,Vinyl Wrap ,ft
Aura Gloss Seafoam Green,Vinyl Wrap ,ft
Aura Gloss Brick Red,Vinyl Wrap ,ft
Aura Gloss Acid Green,Vinyl Wrap ,ft
Aura Gloss Tiffany Blue,Vinyl Wrap ,ft
Aura Glossy Metallic Sea Blue,Vinyl Wrap ,ft
Aura Gloss Dragon Blood Red,Vinyl Wrap ,ft
Aura Gloss Porsche Mint,Vinyl Wrap ,ft
Aura Gloss Porsche Pasadena Yellow,Vinyl Wrap ,ft
Aura Gloss Red Ruby,Vinyl Wrap ,ft
Aura Gloss Sea Green,Vinyl Wrap ,ft
Aura Gloss Taro Tea Pink,Vinyl Wrap ,ft
Aura Gloss Mist Pink,Vinyl Wrap ,ft
Aura Satin Metallic Tiffany Blue,Vinyl Wrap ,ft
Aura Perfect Satin Black,Vinyl Wrap ,ft
Aura Satin Metallic Black,Vinyl Wrap ,ft
Aura Satin Pearl White,Vinyl Wrap ,ft
Aura Satin Nardo Grey,Vinyl Wrap ,ft
Aura Satin Electric Powder Pink,Vinyl Wrap ,ft
Aura Satin Electric Deep Grey,Vinyl Wrap ,ft
Aura Satin Metallic Sky Blue,Vinyl Wrap ,ft
Aura Satin Metallic Midnight Blue,Vinyl Wrap ,ft
Aura Satin White,Vinyl Wrap ,ft
Aura Satin Metallic Deep Blue,Vinyl Wrap ,ft
Aura Satin Metallic Ocean Blue,Vinyl Wrap ,ft
Aura Satin Tiffany Blue,Vinyl Wrap ,ft
Aura Satin Gold Brown,Vinyl Wrap ,ft
Aura Satin Deep Grey,Vinyl Wrap ,ft
Aura Satin Electric Emerald,Vinyl Wrap ,ft
Aura Satin Moss Green,Vinyl Wrap ,ft
Aura Satin Light Blue,Vinyl Wrap ,ft
Aura Satin Chalk Grey,Vinyl Wrap ,ft
Aura Satin Metallic Storm Blue,Vinyl Wrap ,ft
Aura Satin Electric Lake Blue,Vinyl Wrap ,ft
Aura Satin Metallic Golden Brown,Vinyl Wrap ,ft
Aura Satin Metallic Dark Grey,Vinyl Wrap ,ft
Aura Satin Electric Deep Sea Blue,Vinyl Wrap ,ft
Aura Satin Electric Black,Vinyl Wrap ,ft
Aura Satin Metallic Green,Vinyl Wrap ,ft
Aura Satin Metallic Emerald,Vinyl Wrap ,ft
Aura Satin Metallic Mist Blue,Vinyl Wrap ,ft
Aura Satin Burgundy,Vinyl Wrap ,ft
Aura Satin Electric Carbon Grey,Vinyl Wrap ,ft
Aura Satin Electric Wine Red,Vinyl Wrap ,ft
Aura Satin Electric Sky Blue,Vinyl Wrap ,ft
Aura Satin Khaki Green,Vinyl Wrap ,ft
Aura Satin Electric Lake Green,Vinyl Wrap ,ft
Aura Satin Metallic Dark Green,Vinyl Wrap ,ft
Aura Satin Electric Princess Pink,Vinyl Wrap ,ft
Aura Satin Electric Tiffany Blue,Vinyl Wrap ,ft
Aura Satin Metallic Orange,Vinyl Wrap ,ft
Aura Satin Metallic Blush Pink,Vinyl Wrap ,ft
Aura Satin Titanium Grey,Vinyl Wrap ,ft
Aura Satin Cement Grey,Vinyl Wrap ,ft
Aura Satin Electric Trenton Blue,Vinyl Wrap ,ft
Aura Satin Metallic Liquid Copper,Vinyl Wrap ,ft
Aura Satin Shell White,Vinyl Wrap ,ft
Aura Satin Metallic Neon Green,Vinyl Wrap ,ft
Aura Satin Midnight Green,Vinyl Wrap ,ft
Aura Satin Rose Gold,Vinyl Wrap ,ft
Aura Satin Pink,Vinyl Wrap ,ft
Aura Satin Desert Tan,Vinyl Wrap ,ft
Aura Satin Metallic Grey,Vinyl Wrap ,ft
Aura Satin Electric Silver,Vinyl Wrap ,ft
Aura Satin Army Green,Vinyl Wrap ,ft
Aura Satin Sparkle Graphite Grey,Vinyl Wrap ,ft
Aura Satin Electric Midnight Blue,Vinyl Wrap ,ft
Aura Satin Metallic Gunsmoke Grey,Vinyl Wrap ,ft
Aura Satin Metallic Silver,Vinyl Wrap ,ft
Aura Satin Electric Rose Gold,Vinyl Wrap ,ft
Aura Satin Metallic Lake Blue,Vinyl Wrap ,ft
Aura Satin Electric Grey Blue,Vinyl Wrap ,ft
Aura Satin Metallic Yellow,Vinyl Wrap ,ft
Aura Satin Cherry Blossom Pink,Vinyl Wrap ,ft
Aura Satin Metallic Lime,Vinyl Wrap ,ft
Aura Satin Electric Ash Grey,Vinyl Wrap ,ft
Aura Satin Metallic Midnight Red,Vinyl Wrap ,ft
Aura Perfect Satin Silver,Vinyl Wrap ,ft
Aura Ultra Satin White Prismatic Chrome,Vinyl Wrap ,ft
Aura Matte Carmine Red,Vinyl Wrap ,ft
Aura Matte Venom Green,Vinyl Wrap ,ft
Aura Matte Shadow Black,Vinyl Wrap ,ft
Aura Matte Sky Blue,Vinyl Wrap ,ft
Aura Matte Night Gold,Vinyl Wrap ,ft
Aura Matte Miami Blue,Vinyl Wrap ,ft
Aura Matte Spring Green,Vinyl Wrap ,ft
Aura Matte Army Green,Vinyl Wrap ,ft
Aura Matte Fantasy Green,Vinyl Wrap ,ft
Aura Matte Metallic Light Purple,Vinyl Wrap ,ft
Aura Matte Metallic Black,Vinyl Wrap ,ft
Aura Matte Nebula Grey,Vinyl Wrap ,ft
Aura Matte Black,Vinyl Wrap ,ft
Aura Matte Chalk Grey,Vinyl Wrap ,ft
Aura Matte Metal Black,Vinyl Wrap ,ft
Aura Matte Pink,Vinyl Wrap ,ft
Aura Matte AMG Volcanic Grey,Vinyl Wrap ,ft
Aura Matte Cherry Red,Vinyl Wrap ,ft
Aura Matte Glacier Blue,Vinyl Wrap ,ft
Aura Matte Nardo Grey,Vinyl Wrap ,ft
Aura Matte Carnation Pink,Vinyl Wrap ,ft
Aura Matte Khaki Green,Vinyl Wrap ,ft
Aura Matte Fog Black,Vinyl Wrap ,ft
Aura Matte Phantom Black Blue,Vinyl Wrap ,ft
Aura Matte Metallic Midnight Blue,Vinyl Wrap ,ft
Aura Matte Black Gold Dust,Vinyl Wrap ,ft
Aura Matte Robin Blue,Vinyl Wrap ,ft
Aura Matte Cement Grey,Vinyl Wrap ,ft
Aura Matte Fairytale Green,Vinyl Wrap ,ft
Aura Matte Lizard Green,Vinyl Wrap ,ft
Aura Matte Light Blue,Vinyl Wrap ,ft
Aura Matte Obsidian Grey,Vinyl Wrap ,ft
Aura Matte Phantom Black Gold,Vinyl Wrap ,ft
Aura Perfect Matte Black,Vinyl Wrap ,ft
Aura Matte Pinot Noir Purple,Vinyl Wrap ,ft
Aura Matte White,Vinyl Wrap ,ft
Aura Matte Racecar Red,Vinyl Wrap ,ft
Aura Matte Liquid Silver,Vinyl Wrap ,ft
Aura Matte Blueberry,Vinyl Wrap ,ft
Aura Matte Silver Grey,Vinyl Wrap ,ft
Aura Matte Phantom Black Purple,Vinyl Wrap ,ft
Aura Matte Phantom Jazz Blue,Vinyl Wrap ,ft
Aura Matte Phantom Olive,Vinyl Wrap ,ft
Aura Matte Tiffany Blue,Vinyl Wrap ,ft
Aura Matte Powder Pink,Vinyl Wrap ,ft
Aura Matte Battleship Grey,Vinyl Wrap ,ft
Aura Matte Lake Green,Vinyl Wrap ,ft
Aura Matte Nebula Sea Monster,Vinyl Wrap ,ft
Aura Matte Dragon Blood Red,Vinyl Wrap ,ft
Aura Matte Serpent Green,Vinyl Wrap ,ft
Aura Ultra Gloss Red Chrome,Vinyl Wrap ,ft
Aura Ultra Satin White Prismatic Chrome,Vinyl Wrap ,ft
Aura Ultra Gloss Tropical Chrome,Vinyl Wrap ,ft
Aura Ultra Gloss Green Chrome,Vinyl Wrap ,ft
Aura Ultra Gloss Silver Chrome,Vinyl Wrap ,ft
Aura Ultra Gloss Gold Chrome,Vinyl Wrap ,ft
Aura Ultra Gloss White Prismatic Chrome,Vinyl Wrap ,ft
Aura Ultra Gloss Cotton Candy Chrome,Vinyl Wrap ,ft
Aura Ultra Gloss Blue Prismatic Chrome,Vinyl Wrap ,ft
Aura Ultra Gloss Teal Chrome,Vinyl Wrap ,ft
Aura Ultra Gloss Purple Chrome,Vinyl Wrap ,ft
Aura Ultra Gloss Blue Chrome,Vinyl Wrap ,ft
Aura Ultra Gloss Black Chrome,Vinyl Wrap ,ft
Aura Ultra Gloss Forged Carbon Fiber,Vinyl Wrap ,ft
Aura Hyper Gloss Piano Black PPF,Paint Protection Film(PPF),ft
Aura High Gloss Piano Black,Vinyl Wrap ,ft
Aura Gloss Real Carbon Fiber,Vinyl Wrap ,ft
Aura Hyper Gloss Real Carbon Fiber PPF,Paint Protection Film(PPF),ft
Aura Matte Carbon Fiber Weave,Vinyl Wrap ,ft
Aura Supreme Suede V2 Interior Wrap,Vinyl Wrap ,ft
Aura Ultra Gloss Iridescent Carbon Fiber,Vinyl Wrap ,ft
Aura Hyper Gloss Real Carbon Fiber PPF,Paint Protection Film(PPF),ft
Aura Hyper Gloss Piano Black PPF,Paint Protection Film(PPF),ft
Aura Hyper Matte Black PPF,Paint Protection Film(PPF),ft
Aura Hyper Gloss Black PPF,Paint Protection Film(PPF),ft
Aura Hyper Gloss Midnight Purple PPF,Paint Protection Film(PPF),ft
Aura Hyper Matte Black Red Shift PPF,Paint Protection Film(PPF),ft
Aura Hyper Matte Grey Blue Shift PPF,Paint Protection Film(PPF),ft
Aura Hyper Matte Diamond White PPF,Paint Protection Film(PPF),ft
Aura Hyper Gloss Diamond White Blue Shift PPF,Paint Protection Film(PPF),ft
Aura Hyper Matte AMG Volcanic Grey PPF,Paint Protection Film(PPF),ft
Aura Hyper Gloss Racecar Red PPF,Paint Protection Film(PPF),ft
Aura Hyper Gloss Diamond Nebula Green Blue Purple PPF,Paint Protection Film(PPF),ft
Aura Hyper Matte Army Green PPF,Paint Protection Film(PPF),ft
Aura Hyper Gloss Acid Green PPF,Paint Protection Film(PPF),ft
Aura Hyper Gloss China Blue PPF,Paint Protection Film(PPF),ft
Aura Hyper Gloss Nardo Grey PPF,Paint Protection Film(PPF),ft
Aura Hyper Gloss Miami Blue PPF,Paint Protection Film(PPF),ft
Aura Hyper Gloss Chalk Grey PPF,Paint Protection Film(PPF),ft
Aura Hyper Gloss Black Red Shift PPF,Paint Protection Film(PPF),ft
Aura Hyper Gloss Paint Metallic Dark Emerald Green PPF,Paint Protection Film(PPF),ft
Aura Hyper Gloss Diamond Sparkle Black PPF,Paint Protection Film(PPF),ft
Aura Hyper Matte Nebula Jungle Green Blue PPF,Paint Protection Film(PPF),ft
Aura Hyper Gloss Signal Yellow PPF,Paint Protection Film(PPF),ft
Aura Hyper Gloss Paint Metallic Snow White PPF,Paint Protection Film(PPF),ft
Aura Hyper Gloss Lava Orange PPF,Paint Protection Film(PPF),ft
Aura Hyper Gloss White PPF,Paint Protection Film(PPF),ft
Aura Hyper Gloss Desert PPF,Paint Protection Film(PPF),ft
Aura Hyper Gloss Dolphin Grey PPF,Paint Protection Film(PPF),ft
Aura Hyper Gloss Iridescent Black PPF,Paint Protection Film(PPF),ft
Aura Hyper Gloss Iridescent White PPF,Paint Protection Film(PPF),ft
Aura Hyper Gloss Diamond Nebula Grey Red PPF,Paint Protection Film(PPF),ft
Aura Hyper Gloss Cosmic Opal PPF,Paint Protection Film(PPF),ft
Aura Hyper Gloss Paint Metallic Wine Red PPF,Paint Protection Film(PPF),ft
Aura Hyper Gloss Diamond Sparkle White PPF,Paint Protection Film(PPF),ft
Aura Hyper Gloss Diamond Sparkle Interstellar Silver PPF,Paint Protection Film(PPF),ft
Aura Hyper Gloss Paint Metallic Berry Purple PPF,Paint Protection Film(PPF),ft
Aura Hyper Gloss Pink Red Shift PPF,Paint Protection Film(PPF),ft
Aura Hyper Matte Metallic Silver PPF,Paint Protection Film(PPF),ft
Aura Hyper Matte Cobalt Blue PPF,Paint Protection Film(PPF),ft
Aura Hyper Gloss Pastel Yellow PPF,Paint Protection Film(PPF),ft
Aura Hyper Gloss Paint Metallic Cherry Red PPF,Paint Protection Film(PPF),ft
Aura Hyper Gloss Carbon Grey PPF,Paint Protection Film(PPF),ft
Aura Hyper Matte Pearl White PPF,Paint Protection Film(PPF),ft
Aura Hyper Gloss Nebula Jungle Green Blue PPF,Paint Protection Film(PPF),ft
Aura Hyper Gloss Diamond Nebula Spark PPF,Paint Protection Film(PPF),ft
Aura Hyper Matte Rose Gold PPF,Paint Protection Film(PPF),ft
Aura Hyper Gloss Paint Metallic Pine Green PPF,Paint Protection Film(PPF),ft
Aura Hyper Gloss Sport Grey PPF,Paint Protection Film(PPF),ft
Aura Hyper Gloss Sahara Tan PPF,Paint Protection Film(PPF),ft
Aura Hyper Gloss Ivory PPF,Paint Protection Film(PPF),ft
Aura Hyper Gloss Paint Metallic Burgundy PPF,Paint Protection Film(PPF),ft
Aura Hyper Gloss Green Gold Shift PPF,Paint Protection Film(PPF),ft
Aura Hyper Gloss Paint Metallic White PPF,Paint Protection Film(PPF),ft
Aura Hyper Gloss Paint Metallic Liquid Bronze PPF,Paint Protection Film(PPF),ft
Aura Hyper Gloss Green Tea PPF,Paint Protection Film(PPF),ft
Aura Hyper Gloss Paint Metallic Bay Blue PPF,Paint Protection Film(PPF),ft
Aura Hyper Gloss Blush Pink PPF,Paint Protection Film(PPF),ft
Aura Hyper Gloss Ultraviolet Purple PPF,Paint Protection Film(PPF),ft
Aura Hyper Gloss Grey Red Shift PPF,Paint Protection Film(PPF),ft
Aura Hyper Gloss Iridescent Silver PPF,Paint Protection Film(PPF),ft
Aura Hyper Gloss Grey Green Shift PPF,Paint Protection Film(PPF),ft
Aura Hyper Gloss Paint Metallic Champagne Gold PPF,Paint Protection Film(PPF),ft
Aura Hyper Gloss Paint Metallic Liquid Gunmetal PPF,Paint Protection Film(PPF),ft
Aura Hyper Gloss Paint Metallic Blue Dream PPF,Paint Protection Film(PPF),ft
Aura Hyper Gloss Paint Metallic Midnight Blue PPF,Paint Protection Film(PPF),ft
Aura Hyper Gloss Diamond Double Purple Shift PPF,Paint Protection Film(PPF),ft
Aura Hyper Gloss Paint Metallic Liquid Blue PPF,Paint Protection Film(PPF),ft
Aura Hyper Matte Nebula Grey PPF,Paint Protection Film(PPF),ft
Aura Hyper Matte Serpent Green PPF,Paint Protection Film(PPF),ft
Aura Hyper Matte Pinot Noir Purple PPF,Paint Protection Film(PPF),ft
Aura Hyper Matte Orangered PPF,Paint Protection Film(PPF),ft
Aura Hyper Matte Grey Purple Shift PPF,Paint Protection Film(PPF),ft
Aura Hyper Matte Dragon Blood Red PPF,Paint Protection Film(PPF),ft
Aura Hyper Matte Cherry Red PPF,Paint Protection Film(PPF),ft
Aura Hyper Matte Austin Yellow PPF,Paint Protection Film(PPF),ft
Aura Hyper Gloss Pastel Pink PPF,Paint Protection Film(PPF),ft
Aura Hyper Gloss Paint Metallic Orangered PPF,Paint Protection Film(PPF),ft
Aura Hyper Gloss Paint Metallic Orange PPF,Paint Protection Film(PPF),ft
Aura Hyper Gloss Paint Metallic Midnight Teal PPF,Paint Protection Film(PPF),ft
Aura Hyper Gloss Paint Metallic Forest Green PPF,Paint Protection Film(PPF),ft
Aura Hyper Gloss Paint Metallic Cobalt Blue PPF,Paint Protection Film(PPF),ft
Aura Hyper Gloss Paint Metallic Black Cherry Red PPF,Paint Protection Film(PPF),ft
Aura Hyper Gloss Paint Metallic Austin Yellow PPF,Paint Protection Film(PPF),ft
Aura Hyper Gloss Nebula Enchanted Amulet PPF,Paint Protection Film(PPF),ft
Aura Hyper Gloss Cactus Grey PPF,Paint Protection Film(PPF),ft
Aura Hyper Gloss Aluminum Blue Pearl PPF,Paint Protection Film(PPF),ft
Aura Hyper Gloss Aluminum Purple Pearl,Paint Protection Film(PPF),ft
Aura Hyper Matte Diamond Nebula Spark PPF,Paint Protection Film(PPF),ft
Aura Hyper Gloss Coral Fluro Yellow PPF,Paint Protection Film(PPF),ft
Aura Hyper Matte Liquid Silver PPF,Paint Protection Film(PPF),ft
Aura Hyper Gloss Paint Metallic Daytona Grey PPF,Paint Protection Film(PPF),ft
Aura Hyper Matte Iridescent Silver PPF,Paint Protection Film(PPF),ft
Aura Hyper Gloss Signal Green PPF,Paint Protection Film(PPF),ft
Aura Hyper Gloss Cream PPF,Paint Protection Film(PPF),ft
Aura Hyper Gloss Pistachio Green PPF,Paint Protection Film(PPF),ft
Aura Hyper Gloss Piggy Pink PPF,Paint Protection Film(PPF),ft
Aura Hyper Gloss Paint Metallic Yellow PPF,Paint Protection Film(PPF),ft
Aura Hyper Gloss Paint Metallic Isle of Man Green PPF,Paint Protection Film(PPF),ft
Aura Hyper Gloss Pistachio Green PPF,Paint Protection Film(PPF),ft
Aura Hyper Gloss Piggy Pink PPF,Paint Protection Film(PPF),ft
Aura Hyper Gloss Paint Metallic Yellow PPF,Paint Protection Film(PPF),ft
Aura Hyper Gloss Paint Metallic Isle of Man Green PPF,Paint Protection Film(PPF),ft
Aura Hyper Gloss Paint Metallic Deep Ocean Blue PPF,Paint Protection Film(PPF),ft
Aura Hyper Gloss Chanel Yellow Pearl PPF,Paint Protection Film(PPF),ft
Aura Hyper Gloss Yellow PPF,Paint Protection Film(PPF),ft
Aura Hyper Gloss Diamond White Red Shift PPF,Paint Protection Film(PPF),ft
Aura Hyper Gloss Stardust Opal PPF,Paint Protection Film(PPF),ft
Aura Hyper Gloss Strawberry Red PPF,Paint Protection Film(PPF),ft
Aura Hyper Gloss Paint Metallic Green Gold Shift PPF,Paint Protection Film(PPF),ft
Aura Hyper Gloss Lizard Green PPF,Paint Protection Film(PPF),ft
Aura Hyper Gloss Sky Blue PPF,Paint Protection Film(PPF),ft
Aura Hyper Gloss Seafoam Green PPF,Paint Protection Film(PPF),ft
Aura Hyper Gloss Tiffany Blue PPF,Paint Protection Film(PPF),ft
Aura Hyper Gloss Glacier Blue PPF,Paint Protection Film(PPF),ft
Aura Hyper Gloss Khaki PPF,Paint Protection Film(PPF),ft
Aura Hyper Gloss Battle Green PPF,Paint Protection Film(PPF),ft
Aura Hyper Gloss Fuschia Pink PPF,Paint Protection Film(PPF),ft
Aura Hyper Gloss Hunter Green PPF,Paint Protection Film(PPF),ft
Aura Hyper Gloss Khaki Green PPF,Paint Protection Film(PPF),ft
Aura Hyper Gloss Hunter Blue PPF,Paint Protection Film(PPF),ft
Aura Hyper Gloss Sunflower Yellow PPF,Paint Protection Film(PPF),ft
Aura Hyper Gloss White Red Shift PPF,Paint Protection Film(PPF),ft
Aura Hyper Gloss Diamond White Gold Shift PPF,Paint Protection Film(PPF),ft
Aura Hyper Gloss Diamond Nebula Blue Purple Red PPF,Paint Protection Film(PPF),ft
Aura Hyper Gloss Carnival Opal PPF,Paint Protection Film(PPF),ft
Aura Hyper Gloss Spring Opal PPF,Paint Protection Film(PPF),ft
Aura Hyper Matte Frozen Berry PPF,Paint Protection Film(PPF),ft
Aura Hyper Gloss Paint Metallic Frozen Berry PPF,Paint Protection Film(PPF),ft
Aura Hyper Gloss Paint Metallic Francesca Green PPF,Paint Protection Film(PPF),ft
Aura Hyper Gloss Paint Metallic Silver PPF,Paint Protection Film(PPF),ft
Aura Hyper Gloss Paint Metallic Emerald Green PPF,Paint Protection Film(PPF),ft
Aura Hyper Gloss Paint Metallic Liquid Silver PPF,Paint Protection Film(PPF),ft
Aura Hyper Gloss Diamond Sparkle Silver PPF,Paint Protection Film(PPF),ft
Aura Hyper Gloss Paint Metallic Galactic Blue PPF,Paint Protection Film(PPF),ft
Aura Hyper Gloss Paint Metallic Deep Grey PPF,Paint Protection Film(PPF),ft
Aura Hyper Gloss Powder Blue Gold Shift PPF,Paint Protection Film(PPF),ft
Aura Hyper Gloss Paint Metallic Fantasy Green PPF,Paint Protection Film(PPF),ft
Aura Hyper Gloss Paint Metallic Chalk Grey PPF,Paint Protection Film(PPF),ft
Aura Hyper Gloss Diamond Sparkle Grey PPF,Paint Protection Film(PPF),ft
Aura Hyper Gloss Grey Gold Shift PPF,Paint Protection Film(PPF),ft
Aura Hyper Gloss Mango Orange PPF,Paint Protection Film(PPF),ft
Aura Hyper Gloss Paint Metallic Mamba Green PPF,Paint Protection Film(PPF),ft
Inozetek Black Out - SG001 ,Vinyl Wrap ,ft
Inozetek White Out - SG002 ,Vinyl Wrap ,ft
Inozetek Chalk Grey - SG003 ,Vinyl Wrap ,ft
Inozetek Nardo Grey - SG004 ,Vinyl Wrap ,ft
Inozetek Sand - SG005 ,Vinyl Wrap ,ft
Inozetek Blood Red - SG006 ,Vinyl Wrap ,ft
Inozetek Lava Orange - SG007 ,Vinyl Wrap ,ft
Inozetek Piggy Bank - SG008 ,Vinyl Wrap ,ft
Inozetek Cherry Blossom - SG009 ,Vinyl Wrap ,ft
Inozetek Citrus Yellow - SG010 ,Vinyl Wrap ,ft
Inozetek Acid Green - SG011 ,Vinyl Wrap ,ft
Inozetek Khaki Green - SG012 ,Vinyl Wrap ,ft
Inozetek Army Green - SG013 ,Vinyl Wrap ,ft
Inozetek Turquoise Dream - SG014 ,Vinyl Wrap ,ft
Inozetek Miami Blue - SG015 ,Vinyl Wrap ,ft
Inozetek Maritime Blue - SG730 ,Vinyl Wrap ,ft
Inozetek Violet - SG731 ,Vinyl Wrap ,ft
Inozetek Laguna Blue - SG732 ,Vinyl Wrap ,ft
Inozetek Slate Grey - SG733 ,Vinyl Wrap ,ft
Inozetek Racing Yellow - SG734 ,Vinyl Wrap ,ft
Inozetek Vintage Racing Green - SG735 ,Vinyl Wrap ,ft
Inozetek Papaya Orange - SG736 ,Vinyl Wrap ,ft
Inozetek Era Green - SG737 ,Vinyl Wrap ,ft
Inozetek Ruby Star - SG738 ,Vinyl Wrap ,ft
Inozetek Corsa Red - SG739 ,Vinyl Wrap ,ft
Inozetek Snow Blue - SG740 ,Vinyl Wrap ,ft
Inozetek Staple Pigeon Grey - SG741 ,Vinyl Wrap ,ft
Inozetek Navy Blue - SG742 ,Vinyl Wrap ,ft
Inozetek Narwhal Blue - SG743 ,Vinyl Wrap ,ft
Inozetek Signal Yellow - SG744 ,Vinyl Wrap ,ft
Inozetek Olive Green - SG745 ,Vinyl Wrap ,ft
Inozetek Rosewood Pink - SG746 ,Vinyl Wrap ,ft
Inozetek Soft Blue - CN611 ,Vinyl Wrap ,ft
Inozetek Rosewater - ASSC102 ,Vinyl Wrap ,ft
Inozetek Boneyard White - LIM005 ,Vinyl Wrap ,ft
Inozetek Caribbean Sea - LIM006 ,Vinyl Wrap ,ft
Inozetek Student Driver Racing Green - SD101 ,Vinyl Wrap ,ft
Inozetek Super Gloss LB Tiffany Blue - LBWK102 ,Vinyl Wrap ,ft
Inozetek Metallic Silver - MSG016 ,Vinyl Wrap ,ft
Inozetek Metallic Gunmetal - MSG017 ,Vinyl Wrap ,ft
Inozetek Metallic Rose - MSG018 ,Vinyl Wrap ,ft
Inozetek Metallic Dandelion Yellow - MSG019 ,Vinyl Wrap ,ft
Inozetek Metallic Mamba Green - MSG020 ,Vinyl Wrap ,ft
Inozetek Metallic Midnight Gold - MSG022 ,Vinyl Wrap ,ft
Inozetek Metallic Midnight Green - MSG023 ,Vinyl Wrap ,ft
Inozetek Metallic Midnight Blue - MSG024 ,Vinyl Wrap ,ft
Inozetek Metallic Midnight Purple - MSG025 ,Vinyl Wrap ,ft
Inozetek Metallic Racing Green - MSG111 ,Vinyl Wrap ,ft
Inozetek Metallic Black - MSG112 ,Vinyl Wrap ,ft
Inozetek Metallic Blueberry - MSG113 ,Vinyl Wrap ,ft
Inozetek Metallic Vampire Red - MSG114 ,Vinyl Wrap ,ft
Inozetek Liquid Metallic Molten Copper - MSG115 ,Vinyl Wrap ,ft
Inozetek Metallic Speed Silver - MSG116 ,Vinyl Wrap ,ft
Inozetek Metallic Hunter Jade - MSG117 ,Vinyl Wrap ,ft
Inozetek Metallic Liquid Chrome Silver - MSG118 ,Vinyl Wrap ,ft
Inozetek Liquid Metallic Aventurine - MSG119 ,Vinyl Wrap ,ft
Inozetek Metallic Mocha - MSG121 ,Vinyl Wrap ,ft
Inozetek Metallic Royalty Purple - MSG122 ,Vinyl Wrap ,ft
Inozetek Metallic Wildberry Juice - LIM007 ,Vinyl Wrap ,ft
Inozetek Spectrum - ASSC101 ,Vinyl Wrap ,ft
Inozetek Playboy Amethyst Ash - PB101 ,Vinyl Wrap ,ft
Inozetek Pearl Neon Mint - PG026 ,Vinyl Wrap ,ft
Inozetek Pearl Crystal Blue - PG027 ,Vinyl Wrap ,ft
Inozetek Pearl White - PG028 ,Vinyl Wrap ,ft
Inozetek Pearl Spring Pink - PG029 ,Vinyl Wrap ,ft
Inozetek Pearl Lavender - PG030 ,Vinyl Wrap ,ft
Inozetek Urban Bamboo - PG031 ,Vinyl Wrap ,ft
Inozetek Unicorn CS - PG032 ,Vinyl Wrap ,ft
Inozetek Pearl Marigold Orange - PG034 ,Vinyl Wrap ,ft
Inozetek The Boring White - TBC101,Vinyl Wrap ,ft
Inozetek Student Driver Sungset Orange - SD102,Vinyl Wrap ,ft
Inozetek Dry Carbon Fiber - CF002,Vinyl Wrap ,ft
Inozetek Satin Midnight Purple - DPPF801,Paint Protection Film(PPF),ft
Inozetek Satin Rock Grey - DPPF802,Paint Protection Film(PPF),ft
Inozetek Satin Silver Aluminum - DPPF803,Paint Protection Film(PPF),ft
Inozetek Satin Midnight Moss - DPPF804,Paint Protection Film(PPF),ft
Inozetek Satin Liquid Metallic Star Silver - DPPF805,Paint Protection Film(PPF),ft
Inozetek Satin Liquid Metallic Blood Red - DPPF806,Paint Protection Film(PPF),ft
Inozetek Satin Pearl White - DPPF807,Paint Protection Film(PPF),ft
Inozetek Satin Liquid Metallic Silver - DPPF808,Paint Protection Film(PPF),ft
Inozetek Frozen Matte Ultimate Grey - DPPF809,Paint Protection Film(PPF),ft
Inozetek Frozen Matte Army Green - DPPF810,Paint Protection Film(PPF),ft
Inozetek Satin Liquid Metallic Tungsten Grey - DPPF811,Paint Protection Film(PPF),ft
Inozetek Satin Khaki Green - DPPF812,Paint Protection Film(PPF),ft
Inozetek Satin Liquid Metallic Titanium - DPPF813,Paint Protection Film(PPF),ft
Inozetek Satin Liquid Metallic Azure Blue - DPPF814,Paint Protection Film(PPF),ft
Inozetek Frozen Matte Sand - DPPF815,Paint Protection Film(PPF),ft
Inozetek Frozen Matte White - DPPF816,Paint Protection Film(PPF),ft
Inozetek Frozen Matte Liquid Metallic Titanium Green - DPPF817,Paint Protection Film(PPF),ft
Inozetek Frozen Matte Shark Grey - DPPF818,Paint Protection Film(PPF),ft
Inozetek Satin Blackout - DPPF819 ,Paint Protection Film(PPF),ft
Inozetek Metallic Midnight Purple - DPPF901,Paint Protection Film(PPF),ft
Inozetek Metallic Emerald Green - DPPF902,Paint Protection Film(PPF),ft
Inozetek Moon White Pearl - DPPF903,Paint Protection Film(PPF),ft
Inozetek Metallic Dolphin Grey - DPPF904,Paint Protection Film(PPF),ft
Inozetek Falcon Grey - DPPF905,Paint Protection Film(PPF),ft
Inozetek Metallic Silica Brass - DPPF906,Paint Protection Film(PPF),ft
Inozetek Metallic Tungsten Grey - DPPF907,Paint Protection Film(PPF),ft
Inozetek Metallic Perfect Black - DPPF908,Paint Protection Film(PPF),ft
Inozetek Midnight Black - DPPF909,Paint Protection Film(PPF),ft
Inozetek Gloss Carbon Fiber - DPPF910,Paint Protection Film(PPF),ft
Inozetek Gloss Shadow Green - DPPF911,Paint Protection Film(PPF),ft
Inozetek Gloss Metallic Silver Bullet - DPPF912,Paint Protection Film(PPF),ft
Inozetek Gloss Coastal Blue - DPPF913,Paint Protection Film(PPF),ft
Inozetek Gloss Metallic Blue Raspberry - DPPF914,Paint Protection Film(PPF),ft
Inozetek Gloss Metallic Black Cherry - DPPF915,Paint Protection Film(PPF),ft
Inozetek Gloss Ruby Star - DPPF916,Paint Protection Film(PPF),ft
Inozetek Gloss Italia Red - DPPF917,Paint Protection Film(PPF),ft
Inozetek Gloss Metallic Blush Pink - DPPF918,Paint Protection Film(PPF),ft
Inozetek Gloss Sand Dune - DPPF919,Paint Protection Film(PPF),ft
Inozetek Gloss Champion White - DPPF920,Paint Protection Film(PPF),ft
Inozetek Gloss Sunflower Yellow - DPPF921,Paint Protection Film(PPF),ft
Inozetek Gloss Metallic Graphite Blue - DPPF922,Paint Protection Film(PPF),ft
Inozetek Gloss Pebble Blue - DPPF923,Paint Protection Film(PPF),ft
Teckwrap Super White (CG02-HD) ,Vinyl Wrap ,ft
Teckwrap Diamond White (CK801-HD) ,Vinyl Wrap ,ft
Teckwrap Ivory Cream (CG26-HD) ,Vinyl Wrap ,ft
Teckwrap Strawberry Milk (CG50-HD) ,Vinyl Wrap ,ft
Teckwrap Sahara Beige (CG46-HD) ,Vinyl Wrap ,ft
Teckwrap Amberwave (CG45-HD) ,Vinyl Wrap ,ft
Teckwrap Leather Beige (CG52-HD) ,Vinyl Wrap ,ft
Teckwrap Louvre Yellow (CG43-HD) ,Vinyl Wrap ,ft
Teckwrap Grape Green (CG42-HD) ,Vinyl Wrap ,ft
Teckwrap Sunray Yellow (CG44-HD) ,Vinyl Wrap ,ft
Teckwrap Papaya Orange (CG54-HD) ,Vinyl Wrap ,ft
Teckwrap Golden Yellow (RB25-HD) ,Vinyl Wrap ,ft
Teckwrap Sunflower Yellow (CG12-HD) ,Vinyl Wrap ,ft
Teckwrap Flamingo Pink (CG56-HD) ,Vinyl Wrap ,ft
Teckwrap Millennial Pink (CG19-HD) ,Vinyl Wrap ,ft
Teckwrap Pink Sakura (SL01-HD) ,Vinyl Wrap ,ft
Teckwrap Chelsea Rose (CG25-HD) ,Vinyl Wrap ,ft
Teckwrap Amber Rose (CG36-HD) ,Vinyl Wrap ,ft
Teckwrap Pink Gold (GAL23-HD) ,Vinyl Wrap ,ft
Teckwrap Berry Red (CG49-HD) ,Vinyl Wrap ,ft
Teckwrap True Blood (GAL01R-HD) ,Vinyl Wrap ,ft
Teckwrap Racing Red (CG06-HD) ,Vinyl Wrap ,ft
Teckwrap Lava Orange (CG24-HD) ,Vinyl Wrap ,ft
Teckwrap Supreme Red (GAL26-HD) ,Vinyl Wrap ,ft
Teckwrap Velvet Red (GAL30-HD) ,Vinyl Wrap ,ft
Teckwrap Deep Orange (RB19-HD) ,Vinyl Wrap ,ft
Teckwrap Tangerine Orange (CG40-HD) ,Vinyl Wrap ,ft
Teckwrap Coral Peach (RB08-HD) ,Vinyl Wrap ,ft
Teckwrap Paprika orange (GAL06-HD) ,Vinyl Wrap ,ft
Teckwrap Arctic Silver (RB27-HD) ,Vinyl Wrap ,ft
Teckwrap Grau Pearl (RB30-HD) ,Vinyl Wrap ,ft
Teckwrap Palladian Blue (RB36-HD) ,Vinyl Wrap ,ft
Teckwrap Bali Blue (CG37-HD) ,Vinyl Wrap ,ft
Teckwrap Cool Blue (CG53-HD) ,Vinyl Wrap ,ft
Teckwrap Yacht Blue (CG28-HD) ,Vinyl Wrap ,ft
Teckwrap China Blue (CG22-HD) ,Vinyl Wrap ,ft
Teckwrap Sea Turquoise (RB16-HD) ,Vinyl Wrap ,ft
Teckwrap Caribbean Blue (RB09-HD) ,Vinyl Wrap ,ft
Teckwrap Rolling sea (CG21-HD) ,Vinyl Wrap ,ft
Teckwrap Vibrant Blue (CG57-HD) ,Vinyl Wrap ,ft
Teckwrap Space Blue (GAL14-HD) ,Vinyl Wrap ,ft
Teckwrap Avalon Teal (CG33-HD) ,Vinyl Wrap ,ft
Teckwrap Royal Blue (GAL19-HD) ,Vinyl Wrap ,ft
Teckwrap Deep Blue (RB02-HD) ,Vinyl Wrap ,ft
Teckwrap Blue Gem (GAL02-HD) ,Vinyl Wrap ,ft
Teckwrap Moss Green (CG23-HD) ,Vinyl Wrap ,ft
Teckwrap Monsoon Green (CG39-HD) ,Vinyl Wrap ,ft
Teckwrap Antique Green (HM16-HD) ,Vinyl Wrap ,ft
Teckwrap Acid Lime (RB07-HD) ,Vinyl Wrap ,ft
Teckwrap Gecko Green (CG41-HD) ,Vinyl Wrap ,ft
Teckwrap Kelly Green (RB22-HD) ,Vinyl Wrap ,ft
Teckwrap La Palma Green (CG35-HD) ,Vinyl Wrap ,ft
Teckwrap French Olive (CG31-HD) ,Vinyl Wrap ,ft
Teckwrap Wilderness Green (RB35-HD) ,Vinyl Wrap ,ft
Teckwrap Khaki Green (CG29-HD) ,Vinyl Wrap ,ft
Teckwrap British Racing Green (CG38-HD) ,Vinyl Wrap ,ft
Teckwrap Ocean Green (RB18-HD) ,Vinyl Wrap ,ft
Teckwrap Ruby Green (RB26-HD) ,Vinyl Wrap ,ft
Teckwrap Hunter green (GAL29-HD) ,Vinyl Wrap ,ft
Teckwrap Sonoma Green (HM12-HD) ,Vinyl Wrap ,ft
Teckwrap Gloss Green Black (HM07-HD) ,Vinyl Wrap ,ft
Teckwrap Amphibian Green (CG32-HD) ,Vinyl Wrap ,ft
Teckwrap Sherwood green (HM14-HD) ,Vinyl Wrap ,ft
Teckwrap Phantom Green (RB37-HD) ,Vinyl Wrap ,ft
Teckwrap Camouflage Green (CG51-HD) ,Vinyl Wrap ,ft
Teckwrap Tiffany (CG11-HD) ,Vinyl Wrap ,ft
Teckwrap Spanish Lavender (CG48-HD) ,Vinyl Wrap ,ft
Teckwrap Royal Purple (SL07-HD) ,Vinyl Wrap ,ft
Teckwrap Candy Purple (GAL03-HD) ,Vinyl Wrap ,ft
Teckwrap Passionate Purple (RB04-HD) ,Vinyl Wrap ,ft
Teckwrap Burgundy Black (HM10-HD) ,Vinyl Wrap ,ft
Teckwrap Midnight Purple (RB20-HD) ,Vinyl Wrap ,ft
Teckwrap Silver Fern (RB31-HD) ,Vinyl Wrap ,ft
Teckwrap Dolomite Silver (RB33-HD) ,Vinyl Wrap ,ft
Teckwrap Super Silver Mist (GAL11-HD) ,Vinyl Wrap ,ft
Teckwrap Slate grey (CG16-HD) ,Vinyl Wrap ,ft
Teckwrap Pale Celadon (CG30-HD) ,Vinyl Wrap ,ft
Teckwrap Vintage Grey (CG47-HD) ,Vinyl Wrap ,ft
Teckwrap Wild Dove (CG55-HD) ,Vinyl Wrap ,ft
Teckwrap True Nardo Grey (CG27-HD) ,Vinyl Wrap ,ft
Teckwrap Amazon grey (CG03-HD) ,Vinyl Wrap ,ft
Teckwrap Battleship grey (CG20-HD) ,Vinyl Wrap ,ft
Teckwrap Deep Onyx (RB32-HD) ,Vinyl Wrap ,ft
Teckwrap Ash Grey (RB13-HD) ,Vinyl Wrap ,ft
Teckwrap Vibrant Nickel (RB28-HD) ,Vinyl Wrap ,ft
Teckwrap Dark Platinum (RB12-HD) ,Vinyl Wrap ,ft
Teckwrap Coal Black (MT01-HD) ,Vinyl Wrap ,ft
Teckwrap Ultimate Black (CG01-HD) ,Vinyl Wrap ,ft
Teckwrap Ebony Sparkle (CK202-HD) ,Vinyl Wrap ,ft
Teckwrap Copper Bronze (HM15-HD) ,Vinyl Wrap ,ft
Teckwrap Black Gold (HM09-HD) ,Vinyl Wrap ,ft
Teckwrap Black Cherry Ice (HM08-HD) ,Vinyl Wrap ,ft
Teckwrap Deep Purple Blue (RB38-HD) ,Vinyl Wrap ,ft
Teckwrap Dragon Green (RB39-HD) ,Vinyl Wrap ,ft
Teckwrap Baby Blue (CG58-HD) ,Vinyl Wrap ,ft
Teckwrap Top Coated Super black (CG01-SH) ,Vinyl Wrap ,ft
Teckwrap Top Coated White (CG02-SH) ,Vinyl Wrap ,ft
Teckwrap Top Coated Moss Green (CG23-SH) ,Vinyl Wrap ,ft
Teckwrap Top Coated True Nardo grey (CG27-SH) ,Vinyl Wrap ,ft
Teckwrap Top Coated Vintage grey (CG47-SH) ,Vinyl Wrap ,ft
Teckwrap Atomic Silver (GAL31-HD) ,Vinyl Wrap ,ft
Teckwrap Purple Pearl (GAL32-HD) ,Vinyl Wrap ,ft
Teckwrap Titanium Violet ,Vinyl Wrap ,ft
Teckwrap Sorbet Pink ,Vinyl Wrap ,ft
Teckwrap Vanilla Mist (CG60-HD) ,Vinyl Wrap ,ft
Teckwrap Azure Flame (GAL33-HD) ,Vinyl Wrap ,ft
Teckwrap White Matte (CM02) ,Vinyl Wrap ,ft
Teckwrap Granite Grey (SCM47-R) ,Vinyl Wrap ,ft
Teckwrap Lizard Grey (SCM23-R) ,Vinyl Wrap ,ft
Teckwrap Sandy black (CM01-MS) ,Vinyl Wrap ,ft
Teckwrap Black Matte (CM01M) ,Vinyl Wrap ,ft
Teckwrap Sable black (TC01) ,Vinyl Wrap ,ft
Teckwrap Vanilla Cream (SCM26-R) ,Vinyl Wrap ,ft
Teckwrap Autumn Blaze (SCM36) ,Vinyl Wrap ,ft
Teckwrap Military Green (CM09) ,Vinyl Wrap ,ft
Teckwrap Piniengruen Pearl (TC02) ,Vinyl Wrap ,ft
Teckwrap Deep black (SCM01) ,Vinyl Wrap ,ft
Teckwrap Alaska White (SCM02) ,Vinyl Wrap ,ft
Teckwrap Lizard Grey (SCM23) ,Vinyl Wrap ,ft
Teckwrap Nickel Grey (SCM27) ,Vinyl Wrap ,ft
Teckwrap Granite Grey (SCM47) ,Vinyl Wrap ,ft
Teckwrap Raven Black (CM14) ,Vinyl Wrap ,ft
Teckwrap Pearl Black (CM15) ,Vinyl Wrap ,ft
Teckwrap Grainy Black (CM02-MS) ,Vinyl Wrap ,ft
Teckwrap White Satin (CK903) ,Vinyl Wrap ,ft
Teckwrap Satin Pearl White (ECH01) ,Vinyl Wrap ,ft
Teckwrap Super Silver Sage (VCH411-S) ,Vinyl Wrap ,ft
Teckwrap Cherry Blossom Pink (ECH22) ,Vinyl Wrap ,ft
Teckwrap Hot pink (VCH404-S) ,Vinyl Wrap ,ft
Teckwrap Solar Orange (SMT10) ,Vinyl Wrap ,ft
Teckwrap Flame red (SMT15) ,Vinyl Wrap ,ft
Teckwrap Crimson Red (VCH401-S) ,Vinyl Wrap ,ft
Teckwrap Oxide Red (SMT18) ,Vinyl Wrap ,ft
Teckwrap Burnt Maroon (SMT02) ,Vinyl Wrap ,ft
Teckwrap Hornet Yellow (ECH16) ,Vinyl Wrap ,ft
Teckwrap Golden Yellow (VCH408-S) ,Vinyl Wrap ,ft
Teckwrap Bond Gold (ECH17) ,Vinyl Wrap ,ft
Teckwrap Greenfinch Gold (HM09) ,Vinyl Wrap ,ft
Teckwrap Yellow Lime (VCH412-S) ,Vinyl Wrap ,ft
Teckwrap Lawn Green (SMT14) ,Vinyl Wrap ,ft
Teckwrap Paradise Green (SMT12) ,Vinyl Wrap ,ft
Teckwrap Emerald Green (VCH405-S) ,Vinyl Wrap ,ft
Teckwrap Jewel Green (SMT16) ,Vinyl Wrap ,ft
Teckwrap Forest Green (ECH19) ,Vinyl Wrap ,ft
Teckwrap Pine Green (SMT13) ,Vinyl Wrap ,ft
Teckwrap Green Mantle (SMT05) ,Vinyl Wrap ,ft
Teckwrap Green Black Silk (HM07) ,Vinyl Wrap ,ft
Teckwrap Surf Blue (SMT11) ,Vinyl Wrap ,ft
Teckwrap Velvet blue (VCH402-S) ,Vinyl Wrap ,ft
Teckwrap Admiral Blue (SMT08) ,Vinyl Wrap ,ft
Teckwrap Rasant Blue (SMT07) ,Vinyl Wrap ,ft
Teckwrap Boysenberry Black (SMT04) ,Vinyl Wrap ,ft
Teckwrap Violet Purple (VCH416-S) ,Vinyl Wrap ,ft
Teckwrap Concord Grape (VCH403-S) ,Vinyl Wrap ,ft
Teckwrap Venetian Violet (SMT03) ,Vinyl Wrap ,ft
Teckwrap Gunmetal Grey (VCH410-S) ,Vinyl Wrap ,ft
Teckwrap Gunsmoke Grey (ECH02) ,Vinyl Wrap ,ft
Teckwrap Charcoal Grey (ECH03) ,Vinyl Wrap ,ft
Teckwrap Silver Blue (SMT19) ,Vinyl Wrap ,ft
Teckwrap Dark Platinum (ECH21) ,Vinyl Wrap ,ft
Teckwrap Navy Black (ECH15) ,Vinyl Wrap ,ft
Teckwrap Black Silver (HM02-R) ,Vinyl Wrap ,ft
Teckwrap Dark Grey Silk (HM01) ,Vinyl Wrap ,ft
Teckwrap Onyx Grey (SMT09) ,Vinyl Wrap ,ft
Teckwrap Mineral Grey (SMT01) ,Vinyl Wrap ,ft
Teckwrap Apollo Grey (SMT06) ,Vinyl Wrap ,ft
Teckwrap Sangria Red (VCH422-S) ,Vinyl Wrap ,ft
Teckwrap Carmine Red (VCH417-S) ,Vinyl Wrap ,ft
Teckwrap Autumn Orange (VCH418-S) ,Vinyl Wrap ,ft
Teckwrap Deep Cobalt (VCH419-S) ,Vinyl Wrap ,ft
Teckwrap Lapis Blue (VCH420-S) ,Vinyl Wrap ,ft
Teckwrap Antique Rose (VCH421-S) ,Vinyl Wrap ,ft
Teckwrap Gable Green (VCH423-S) ,Vinyl Wrap ,ft
Teckwrap Copper Orange (SMT17R) ,Vinyl Wrap ,ft
Teckwrap Oxide Red (SMT18R) ,Vinyl Wrap ,ft
Teckwrap White Gold (CHM01-HD) ,Vinyl Wrap ,ft
Teckwrap Yellow Gold Chrome (CHM02-HD) ,Vinyl Wrap ,ft
Teckwrap Rose Gold (CHM03-HD) ,Vinyl Wrap ,ft
Teckwrap Cherry Red Chrome (CHM04-HD) ,Vinyl Wrap ,ft
Teckwrap Jet Black (CHM10-HD) ,Vinyl Wrap ,ft
Teckwrap Purple Blue Aquamarine (MCH01) Chrome Wrap,Vinyl Wrap ,ft
Teckwrap Ammolite Gem (MCH02) ,Vinyl Wrap ,ft
Teckwrap Frozen Berry (MCH08) Chrome Wrap,Vinyl Wrap ,ft
Teckwrap Reflective Cast Chrome (CSC/CMC),Vinyl Wrap ,ft
Teckwrap Solar Gold (CHM21-HD) ,Vinyl Wrap ,ft
Teckwrap White Pearl (CK522-HD) ,Vinyl Wrap ,ft
Teckwrap Lavender Pearl (CK526-HD) ,Vinyl Wrap ,ft
Teckwrap Gloss Aurora White (DCH02-HD) ,Vinyl Wrap ,ft
Teckwrap Gold Pearl (CK525-HD) ,Vinyl Wrap ,ft
Teckwrap Light Blue Pearl (CK524-HD) ,Vinyl Wrap ,ft
Teckwrap Matte Aurora White (DCH02) ,Vinyl Wrap ,ft
Teckwrap White Fireworks (RCH03-HD) ,Vinyl Wrap ,ft
Teckwrap Silver Sunset Matte (DS03M) ,Vinyl Wrap ,ft
Teckwrap Silver Sunset (DS03-HD) ,Vinyl Wrap ,ft
Teckwrap Silver fireworks (RCH01-HD) ,Vinyl Wrap ,ft
Teckwrap Purple Flame (RD21PRO-HD) ,Vinyl Wrap ,ft
Teckwrap Azure Maya Blue (DS04-HD),Vinyl Wrap ,ft
Teckwrap Gloss Purple Blue (CK892G) ,Vinyl Wrap ,ft
Teckwrap Wild Heather (DS05-HD) ,Vinyl Wrap ,ft
Teckwrap Ruby Gold (RD13-HD) ,Vinyl Wrap ,ft
Teckwrap Honey Lime (RD12-HD) ,Vinyl Wrap ,ft
Teckwrap Madeira Red (RD17-HD) ,Vinyl Wrap ,ft
Teckwrap Madeira Red Matte (RD17-M) ,Vinyl Wrap ,ft
Teckwrap Crazy Grape (RD18-HD) ,Vinyl Wrap ,ft
Teckwrap Violet Sunrise (RD14-HD) ,Vinyl Wrap ,ft
Teckwrap Purple Sunset (RD20PRO-HD) ,Vinyl Wrap ,ft
Teckwrap Iridescent Green (RD16R-HD) ,Vinyl Wrap ,ft
Teckwrap Purple Green (RD19-HD) ,Vinyl Wrap ,ft
Teckwrap Green Galaxy (RD15-HD) ,Vinyl Wrap ,ft
Teckwrap Rainbow Vortex (RD11-HD) ,Vinyl Wrap ,ft
Teckwrap Frosted Pearl (CK527-HD) ,Vinyl Wrap ,ft
Teckwrap Gloss Dark Forged Carbon (RCF09) ,Vinyl Wrap ,ft
Teckwrap Dark Forged Carbon (RCF09-HD) ,Vinyl Wrap ,ft
Teckwrap Pitch Black Carbon (CF02) ,Vinyl Wrap ,ft
Teckwrap Noir Black Carbon (CF01) ,Vinyl Wrap ,ft
Teckwrap Ceramic Carbon (RCF03) ,Vinyl Wrap ,ft
Teckwrap Matte Ceramic Carbon (RCF03M) ,Vinyl Wrap ,ft
Teckwrap Ink Black (BM04) ,Vinyl Wrap ,ft
Teckwrap Premium Black (RCF03-R) ,Vinyl Wrap ,ft
XPEL ULTIMATE PLUS PPF,Paint Protection Film(PPF),ft
XPEL ULTIMATE PLUS BLACK PPF,Paint Protection Film(PPF),ft
XPEL STEALTH PPF,Paint Protection Film(PPF),ft
XPEL 5% XR PLUS (20 in),Window Tint ,ft
XPEL 5% XR PLUS (40 in),Window Tint ,ft
XPEL 5% XR PLUS (60 in),Window Tint ,ft
XPEL 15% XR PLUS (20 in),Window Tint ,ft
XPEL 15% XR PLUS (40 in),Window Tint ,ft
XPEL 15% XR PLUS (60 in),Window Tint ,ft
XPEL 20% XR PLUS (20 in),Window Tint ,ft
XPEL 20% XR PLUS (40 in),Window Tint ,ft
XPEL 20% XR PLUS (60 in),Window Tint ,ft
XPEL 30% XR PLUS (20 in),Window Tint ,ft
XPEL 30% XR PLUS (40 in),Window Tint ,ft
XPEL 30% XR PLUS (60 in),Window Tint ,ft
XPEL 35% XR PLUS (20 in),Window Tint ,ft
XPEL 35% XR PLUS (40 in),Window Tint ,ft
XPEL 35% XR PLUS (60 in),Window Tint ,ft
XPEL 45% XR PLUS (20 in),Window Tint ,ft
XPEL 45% XR PLUS (40 in),Window Tint ,ft
XPEL 45% XR PLUS (60 in),Window Tint ,ft
XPEL 55% XR PLUS (20 in),Window Tint ,ft
XPEL 55% XR PLUS (40 in),Window Tint ,ft
XPEL 55% XR PLUS (60 in),Window Tint ,ft
XPEL 70% XR PLUS (20 in),Window Tint ,ft
XPEL 70% XR PLUS (40 in),Window Tint ,ft
XPEL 70% XR PLUS (60 in),Window Tint ,ft
XPEL 5% XR (20 in),Window Tint ,ft
XPEL 5% XR (40 in),Window Tint ,ft
XPEL 5% XR (60 in),Window Tint ,ft
XPEL 15% XR (20 in),Window Tint ,ft
XPEL 15% XR (40 in),Window Tint ,ft
XPEL 15% XR (60 in),Window Tint ,ft
XPEL 20% XR (20 in),Window Tint ,ft
XPEL 20% XR (40 in),Window Tint ,ft
XPEL 20% XR (60 in),Window Tint ,ft
XPEL 30% XR (20 in),Window Tint ,ft
XPEL 30% XR (40 in),Window Tint ,ft
XPEL 30% XR (60 in),Window Tint ,ft
XPEL 35% XR (20 in),Window Tint ,ft
XPEL 35% XR (40 in),Window Tint ,ft
XPEL 35% XR (60 in),Window Tint ,ft
XPEL 45% XR (20 in),Window Tint ,ft
XPEL 45% XR (40 in),Window Tint ,ft
XPEL 45% XR (60 in),Window Tint ,ft
XPEL 55% XR (20 in),Window Tint ,ft
XPEL 55% XR (40 in),Window Tint ,ft
XPEL 55% XR (60 in),Window Tint ,ft
XPEL 70% XR (20 in),Window Tint ,ft
XPEL 70% XR (40 in),Window Tint ,ft
XPEL 70% XR (60 in),Window Tint ,ft
XPEL 5% HP (20 in),Window Tint ,ft
XPEL 5% HP (40 in),Window Tint ,ft
XPEL 5% HP (60 in),Window Tint ,ft
XPEL 15% HP (20 in),Window Tint ,ft
XPEL 15% HP (40 in),Window Tint ,ft
XPEL 15% HP (60 in),Window Tint ,ft
XPEL 20% HP (20 in),Window Tint ,ft
XPEL 20% HP (40 in),Window Tint ,ft
XPEL 20% HP (60 in),Window Tint ,ft
XPEL 35% HP (20 in),Window Tint ,ft
XPEL 35% HP (40 in),Window Tint ,ft
XPEL 35% HP (60 in),Window Tint ,ft
XPEL 50% HP (20 in),Window Tint ,ft
XPEL 50% HP (40 in),Window Tint ,ft
XPEL 50% HP (60 in),Window Tint ,ft
XPEL 5% CS (20 in),Window Tint ,ft
XPEL 5% CS (40 in),Window Tint ,ft
XPEL 5% CS (60 in),Window Tint ,ft
XPEL 15% CS (20 in),Window Tint ,ft
XPEL 15% CS (40 in),Window Tint ,ft
XPEL 15% CS (60 in),Window Tint ,ft
XPEL 20% CS (20 in),Window Tint ,ft
XPEL 20% CS (40 in),Window Tint ,ft
XPEL 20% CS (60 in),Window Tint ,ft
XPEL 30% CS (20 in),Window Tint ,ft
XPEL 30% CS (40 in),Window Tint ,ft
XPEL 30% CS (60 in),Window Tint ,ft
XPEL 35% CS (20 in),Window Tint ,ft
XPEL 35% CS (40 in),Window Tint ,ft
XPEL 35% CS (60 in),Window Tint ,ft
XPEL 43% CS (20 in),Window Tint ,ft
XPEL 43% CS (40 in),Window Tint ,ft
XPEL 43% CS (60 in),Window Tint ,ft
XPEL 50% CS (20 in),Window Tint ,ft
XPEL 50% CS (40 in),Window Tint ,ft
XPEL 50% CS (60 in),Window Tint ,ft
XPEL 55% CS (20 in),Window Tint ,ft
XPEL 55% CS (40 in),Window Tint ,ft
XPEL 55% CS (60 in),Window Tint ,ft
XPEL 70% CS (20 in),Window Tint ,ft
XPEL 70% CS (40 in),Window Tint ,ft
XPEL 70% CS (60 in),Window Tint ,ft
XPEL 88% CS (20 in),Window Tint ,ft
XPEL 88% CS (40 in),Window Tint ,ft
XPEL 88% CS (60 in),Window Tint ,ft
Suntek 5% Evolve (20 in),Window Tint ,ft
Suntek 5% Evolve (40 in),Window Tint ,ft
Suntek 5% Evolve (60 in),Window Tint ,ft
Suntek 15% Evolve (20 in),Window Tint ,ft
Suntek 15% Evolve (40 in),Window Tint ,ft
Suntek 15% Evolve (60 in),Window Tint ,ft
Suntek 20% Evolve (20 in),Window Tint ,ft
Suntek 20% Evolve (40 in),Window Tint ,ft
Suntek 20% Evolve (60 in),Window Tint ,ft
Suntek 30% Evolve (20 in),Window Tint ,ft
Suntek 30% Evolve (40 in),Window Tint ,ft
Suntek 30% Evolve (60 in),Window Tint ,ft
Suntek 35% Evolve (20 in),Window Tint ,ft
Suntek 35% Evolve (40 in),Window Tint ,ft
Suntek 35% Evolve (60 in),Window Tint ,ft
Suntek 50% Evolve (20 in),Window Tint ,ft
Suntek 50% Evolve (40 in),Window Tint ,ft
Suntek 50% Evolve (60 in),Window Tint ,ft
Suntek 70% Evolve (20 in),Window Tint ,ft
Suntek 70% Evolve (40 in),Window Tint ,ft
Suntek 70% Evolve (60 in),Window Tint ,ft
Suntek 5% CIR (20 in),Window Tint ,ft
Suntek 5% CIR (40 in),Window Tint ,ft
Suntek 5% CIR (60 in),Window Tint ,ft
Suntek 15% CIR (20 in),Window Tint ,ft
Suntek 15% CIR (40 in),Window Tint ,ft
Suntek 15% CIR (60 in),Window Tint ,ft
Suntek 20% CIR (20 in),Window Tint ,ft
Suntek 20% CIR (40 in),Window Tint ,ft
Suntek 20% CIR (60 in),Window Tint ,ft
Suntek 30% CIR (20 in),Window Tint ,ft
Suntek 30% CIR (40 in),Window Tint ,ft
Suntek 30% CIR (60 in),Window Tint ,ft
Suntek 35% CIR (20 in),Window Tint ,ft
Suntek 35% CIR (40 in),Window Tint ,ft
Suntek 35% CIR (60 in),Window Tint ,ft
Suntek 50% CIR (20 in),Window Tint ,ft
Suntek 50% CIR (40 in),Window Tint ,ft
Suntek 50% CIR (60 in),Window Tint ,ft
Suntek 70% CIR (20 in),Window Tint ,ft
Suntek 70% CIR (40 in),Window Tint ,ft
Suntek 70% CIR (60 in),Window Tint ,ft
Suntek 80% CIR (20 in),Window Tint ,ft
Suntek 80% CIR (40 in),Window Tint ,ft
Suntek 80% CIR (60 in),Window Tint ,ft
Suntek 5% Carbon (20 in),Window Tint ,ft
Suntek 5% Carbon (40 in),Window Tint ,ft
Suntek 5% Carbon (60 in),Window Tint ,ft
Suntek 18% Carbon (20 in),Window Tint ,ft
Suntek 18% Carbon (40 in),Window Tint ,ft
Suntek 18% Carbon (60 in),Window Tint ,ft
Suntek 25% Carbon (20 in),Window Tint ,ft
Suntek 25% Carbon (40 in),Window Tint ,ft
Suntek 25% Carbon (60 in),Window Tint ,ft
Suntek 35% Carbon (20 in),Window Tint ,ft
Suntek 35% Carbon (40 in),Window Tint ,ft
Suntek 35% Carbon (60 in),Window Tint ,ft
Suntek 45% Carbon (20 in),Window Tint ,ft
Suntek 45% Carbon (40 in),Window Tint ,ft
Suntek 45% Carbon (60 in),Window Tint ,ft
Suntek 55% Carbon (20 in),Window Tint ,ft
Suntek 55% Carbon (40 in),Window Tint ,ft
Suntek 55% Carbon (60 in),Window Tint ,ft
Suntek 70% Carbon (20 in),Window Tint ,ft
Suntek 70% Carbon (40 in),Window Tint ,ft
Suntek 70% Carbon (60 in),Window Tint ,ft
Suntek 5% CXP (20 in),Window Tint ,ft
Suntek 5% CXP (40 in),Window Tint ,ft
Suntek 5% CXP (60 in),Window Tint ,ft
Suntek 18% CXP (20 in),Window Tint ,ft
Suntek 18% CXP (40 in),Window Tint ,ft
Suntek 18% CXP (60 in),Window Tint ,ft
Suntek 25% CXP (20 in),Window Tint ,ft
Suntek 25% CXP (40 in),Window Tint ,ft
Suntek 25% CXP (60 in),Window Tint ,ft
Suntek 35% CXP (20 in),Window Tint ,ft
Suntek 35% CXP (40 in),Window Tint ,ft
Suntek 35% CXP (60 in),Window Tint ,ft
Suntek 45% CXP (20 in),Window Tint ,ft
Suntek 45% CXP (40 in),Window Tint ,ft
Suntek 45% CXP (60 in),Window Tint ,ft
Suntek 55% CXP (20 in),Window Tint ,ft
Suntek 55% CXP (40 in),Window Tint ,ft
Suntek 55% CXP (60 in),Window Tint ,ft
Suntek 70% CXP (20 in),Window Tint ,ft
Suntek 70% CXP (40 in),Window Tint ,ft
Suntek 70% CXP (60 in),Window Tint ,ft
Suntek 80% CXP (20 in),Window Tint ,ft
Suntek 80% CXP (40 in),Window Tint ,ft
Suntek 80% CXP (60 in),Window Tint ,ft
Suntek 5% HP Charcoal (20 in),Window Tint ,ft
Suntek 5% HP Charcoal (40 in),Window Tint ,ft
Suntek 5% HP Charcoal (60 in),Window Tint ,ft
Suntek 15% HP Charcoal (20 in),Window Tint ,ft
Suntek 15% HP Charcoal (40 in),Window Tint ,ft
Suntek 15% HP Charcoal (60 in),Window Tint ,ft
Suntek 20% HP Charcoal (20 in),Window Tint ,ft
Suntek 20% HP Charcoal (40 in),Window Tint ,ft
Suntek 20% HP Charcoal (60 in),Window Tint ,ft
Suntek 30% HP Charcoal (20 in),Window Tint ,ft
Suntek 30% HP Charcoal (40 in),Window Tint ,ft
Suntek 30% HP Charcoal (60 in),Window Tint ,ft
Suntek 35% HP Charcoal (20 in),Window Tint ,ft
Suntek 35% HP Charcoal (40 in),Window Tint ,ft
Suntek 35% HP Charcoal (60 in),Window Tint ,ft
Suntek 40% HP Charcoal (20 in),Window Tint ,ft
Suntek 40% HP Charcoal (40 in),Window Tint ,ft
Suntek 40% HP Charcoal (60 in),Window Tint ,ft
Suntek 50% HP Charcoal (20 in),Window Tint ,ft
Suntek 50% HP Charcoal (40 in),Window Tint ,ft
Suntek 50% HP Charcoal (60 in),Window Tint ,ft
Suntek 55% HP Charcoal (20 in),Window Tint ,ft
Suntek 55% HP Charcoal (40 in),Window Tint ,ft
Suntek 55% HP Charcoal (60 in),Window Tint ,ft
Suntek 18% HP Bronze (20 in),Window Tint ,ft
Suntek 18% HP Bronze (40 in),Window Tint ,ft
Suntek 18% HP Bronze (60 in),Window Tint ,ft
Suntek 40% HP Bronze (20 in),Window Tint ,ft
Suntek 40% HP Bronze (40 in),Window Tint ,ft
Suntek 40% HP Bronze (60 in),Window Tint ,ft
Suntek 50% HP Blue (20 in),Window Tint ,ft
Suntek 50% HP Blue (40 in),Window Tint ,ft
Suntek 50% HP Blue (60 in),Window Tint ,ft
Suntek 5% STD PRO Charcoal (20 in),Window Tint ,ft
Suntek 5% STD PRO Charcoal (40 in),Window Tint ,ft
Suntek 5% STD PRO Charcoal (60 in),Window Tint ,ft
Suntek 15% STD PRO Charcoal (20 in),Window Tint ,ft
Suntek 15% STD PRO Charcoal (40 in),Window Tint ,ft
Suntek 15% STD PRO Charcoal (60 in),Window Tint ,ft
Suntek 20% STD PRO Charcoal (20 in),Window Tint ,ft
Suntek 20% STD PRO Charcoal (40 in),Window Tint ,ft
Suntek 20% STD PRO Charcoal (60 in),Window Tint ,ft
Suntek 35% STD PRO Charcoal (20 in),Window Tint ,ft
Suntek 35% STD PRO Charcoal (40 in),Window Tint ,ft
Suntek 35% STD PRO Charcoal (60 in),Window Tint ,ft
Suntek 40% STD PRO Charcoal (20 in),Window Tint ,ft
Suntek 40% STD PRO Charcoal (40 in),Window Tint ,ft
Suntek 40% STD PRO Charcoal (60 in),Window Tint ,ft
Suntek 50% STD PRO Charcoal (20 in),Window Tint ,ft
Suntek 50% STD PRO Charcoal (40 in),Window Tint ,ft
Suntek 50% STD PRO Charcoal (60 in),Window Tint ,ft
Suntek 88% STD PRO Charcoal (20 in),Window Tint ,ft
Suntek 88% STD PRO Charcoal (40 in),Window Tint ,ft
Suntek 88% STD PRO Charcoal (60 in),Window Tint ,ft
Suntek 5% STD Charcoal (20 in),Window Tint ,ft
Suntek 5% STD Charcoal (40 in),Window Tint ,ft
Suntek 5% STD Charcoal (60 in),Window Tint ,ft
Suntek 20% STD Charcoal (20 in),Window Tint ,ft
Suntek 20% STD Charcoal (40 in),Window Tint ,ft
Suntek 20% STD Charcoal (60 in),Window Tint ,ft
Suntek 35% STD Charcoal (20 in),Window Tint ,ft
Suntek 35% STD Charcoal (40 in),Window Tint ,ft
Suntek 35% STD Charcoal (60 in),Window Tint ,ft
Suntek 40% STD Charcoal (20 in),Window Tint ,ft
Suntek 40% STD Charcoal (40 in),Window Tint ,ft
Suntek 40% STD Charcoal (60 in),Window Tint ,ft
Suntek 50% STD Charcoal (20 in),Window Tint ,ft
Suntek 50% STD Charcoal (40 in),Window Tint ,ft
Suntek 50% STD Charcoal (60 in),Window Tint ,ft
Suntek 70% STD Charcoal (20 in),Window Tint ,ft
Suntek 70% STD Charcoal (40 in),Window Tint ,ft
Suntek 70% STD Charcoal (60 in),Window Tint ,ft
Llumar 05% CTX (20in),Window Tint ,ft
Llumar 15% CTX (20in),Window Tint ,ft
Llumar 30% CTX (20in),Window Tint ,ft
Llumar 40% CTX (20in),Window Tint ,ft
Llumar 50% CTX (20in),Window Tint ,ft
Llumar 55% CTX (20in),Window Tint ,ft
Llumar 60% CTX (20in),Window Tint ,ft
Llumar 05% CTX (24in),Window Tint ,ft
Llumar 15% CTX (24in),Window Tint ,ft
Llumar 30% CTX (24in),Window Tint ,ft
Llumar 40% CTX (24in),Window Tint ,ft
Llumar 50% CTX (24in),Window Tint ,ft
Llumar 55% CTX (24in),Window Tint ,ft
Llumar 60% CTX (24in),Window Tint ,ft
Llumar 05% CTX (36in),Window Tint ,ft
Llumar 15% CTX (36in),Window Tint ,ft
Llumar 30% CTX (36in),Window Tint ,ft
Llumar 40% CTX (36in),Window Tint ,ft
Llumar 50% CTX (36in),Window Tint ,ft
Llumar 55% CTX (36in),Window Tint ,ft
Llumar 60% CTX (36in),Window Tint ,ft
Llumar 05% CTX (40in),Window Tint ,ft
Llumar 15% CTX (40in),Window Tint ,ft
Llumar 30% CTX (40in),Window Tint ,ft
Llumar 40% CTX (40in),Window Tint ,ft
Llumar 50% CTX (40in),Window Tint ,ft
Llumar 55% CTX (40in),Window Tint ,ft
Llumar 60% CTX (40in),Window Tint ,ft
Llumar 05% CTX (60in),Window Tint ,ft
Llumar 15% CTX (60in),Window Tint ,ft
Llumar 30% CTX (60in),Window Tint ,ft
Llumar 40% CTX (60in),Window Tint ,ft
Llumar 50% CTX (60in),Window Tint ,ft
Llumar 55% CTX (60in),Window Tint ,ft
Llumar 60% CTX (60in),Window Tint ,ft
Llumar 05% IRX (20in),Window Tint ,ft
Llumar 15% IRX (20in),Window Tint ,ft
Llumar 20% IRX (20in),Window Tint ,ft
Llumar 30% IRX (20in),Window Tint ,ft
Llumar 35% IRX (20in),Window Tint ,ft
Llumar 40% IRX (20in),Window Tint ,ft
Llumar 50% IRX (20in),Window Tint ,ft
Llumar 05% IRX (24in),Window Tint ,ft
Llumar 15% IRX (24in),Window Tint ,ft
Llumar 20% IRX (24in),Window Tint ,ft
Llumar 30% IRX (24in),Window Tint ,ft
Llumar 35% IRX (24in),Window Tint ,ft
Llumar 40% IRX (24in),Window Tint ,ft
Llumar 50% IRX (24in),Window Tint ,ft
Llumar 05% IRX (36in),Window Tint ,ft
Llumar 15% IRX (36in),Window Tint ,ft
Llumar 20% IRX (36in),Window Tint ,ft
Llumar 30% IRX (36in),Window Tint ,ft
Llumar 35% IRX (36in),Window Tint ,ft
Llumar 40% IRX (36in),Window Tint ,ft
Llumar 50% IRX (36in),Window Tint ,ft
Llumar 05% IRX (40in),Window Tint ,ft
Llumar 15% IRX (40in),Window Tint ,ft
Llumar 20% IRX (40in),Window Tint ,ft
Llumar 30% IRX (40in),Window Tint ,ft
Llumar 35% IRX (40in),Window Tint ,ft
Llumar 40% IRX (40in),Window Tint ,ft
Llumar 50% IRX (40in),Window Tint ,ft
Llumar 05% IRX (60in),Window Tint ,ft
Llumar 15% IRX (60in),Window Tint ,ft
Llumar 20% IRX (60in),Window Tint ,ft
Llumar 30% IRX (60in),Window Tint ,ft
Llumar 35% IRX (60in),Window Tint ,ft
Llumar 40% IRX (60in),Window Tint ,ft
Llumar 50% IRX (60in),Window Tint ,ft
Llumar 05% ATR (20in),Window Tint ,ft
Llumar 15% ATR (20in),Window Tint ,ft
Llumar 20% ATR (20in),Window Tint ,ft
Llumar 30% ATR (20in),Window Tint ,ft
Llumar 35% ATR (20in),Window Tint ,ft
Llumar 40% ATR (20in),Window Tint ,ft
Llumar 50% ATR (20in),Window Tint ,ft
Llumar 05% ATR (24in),Window Tint ,ft
Llumar 15% ATR (24in),Window Tint ,ft
Llumar 20% ATR (24in),Window Tint ,ft
Llumar 30% ATR (24in),Window Tint ,ft
Llumar 35% ATR (24in),Window Tint ,ft
Llumar 40% ATR (24in),Window Tint ,ft
Llumar 50% ATR (24in),Window Tint ,ft
Llumar 05% ATR (36in),Window Tint ,ft
Llumar 15% ATR (36in),Window Tint ,ft
Llumar 20% ATR (36in),Window Tint ,ft
Llumar 30% ATR (36in),Window Tint ,ft
Llumar 35% ATR (36in),Window Tint ,ft
Llumar 40% ATR (36in),Window Tint ,ft
Llumar 50% ATR (36in),Window Tint ,ft
Llumar 05% ATR (40in),Window Tint ,ft
Llumar 15% ATR (40in),Window Tint ,ft
Llumar 20% ATR (40in),Window Tint ,ft
Llumar 30% ATR (40in),Window Tint ,ft
Llumar 35% ATR (40in),Window Tint ,ft
Llumar 40% ATR (40in),Window Tint ,ft
Llumar 50% ATR (40in),Window Tint ,ft
Llumar 05% ATR (60in),Window Tint ,ft
Llumar 15% ATR (60in),Window Tint ,ft
Llumar 20% ATR (60in),Window Tint ,ft
Llumar 30% ATR (60in),Window Tint ,ft
Llumar 35% ATR (60in),Window Tint ,ft
Llumar 40% ATR (60in),Window Tint ,ft
Llumar 50% ATR (60in),Window Tint ,ft
Llumar 05% ATC (20in),Window Tint ,ft
Llumar 15% ATC (20in),Window Tint ,ft
Llumar 20% ATC (20in),Window Tint ,ft
Llumar 30% ATC (20in),Window Tint ,ft
Llumar 35% ATC (20in),Window Tint ,ft
Llumar 40% ATC (20in),Window Tint ,ft
Llumar 50% ATC (20in),Window Tint ,ft
Llumar 05% ATC (24in),Window Tint ,ft
Llumar 15% ATC (24in),Window Tint ,ft
Llumar 20% ATC (24in),Window Tint ,ft
Llumar 30% ATC (24in),Window Tint ,ft
Llumar 35% ATC (24in),Window Tint ,ft
Llumar 40% ATC (24in),Window Tint ,ft
Llumar 50% ATC (24in),Window Tint ,ft
Llumar 05% ATC (36in),Window Tint ,ft
Llumar 15% ATC (36in),Window Tint ,ft
Llumar 20% ATC (36in),Window Tint ,ft
Llumar 30% ATC (36in),Window Tint ,ft
Llumar 35% ATC (36in),Window Tint ,ft
Llumar 40% ATC (36in),Window Tint ,ft
Llumar 50% ATC (36in),Window Tint ,ft
Llumar 05% ATC (40in),Window Tint ,ft
Llumar 15% ATC (40in),Window Tint ,ft
Llumar 20% ATC (40in),Window Tint ,ft
Llumar 30% ATC (40in),Window Tint ,ft
Llumar 35% ATC (40in),Window Tint ,ft
Llumar 40% ATC (40in),Window Tint ,ft
Llumar 50% ATC (40in),Window Tint ,ft
Llumar 05% ATC (60in),Window Tint ,ft
Llumar 15% ATC (60in),Window Tint ,ft
Llumar 20% ATC (60in),Window Tint ,ft
Llumar 30% ATC (60in),Window Tint ,ft
Llumar 35% ATC (60in),Window Tint ,ft
Llumar 40% ATC (60in),Window Tint ,ft
Llumar 50% ATC (60in),Window Tint ,ft
Llumar 05% Stealth SR HPR (20in),Window Tint,ft
Llumar 18% Stealth SR HPR (20in),Window Tint,ft
Llumar 30% Stealth SR HPR (20in),Window Tint,ft
Llumar 38% Stealth SR HPR (20in),Window Tint,ft
Llumar 05% Stealth SR HPR (24in),Window Tint,ft
Llumar 18% Stealth SR HPR (24in),Window Tint,ft
Llumar 30% Stealth SR HPR (24in),Window Tint,ft
Llumar 38% Stealth SR HPR (24in),Window Tint,ft
Llumar 05% Stealth SR HPR (36in),Window Tint,ft
Llumar 18% Stealth SR HPR (36in),Window Tint,ft
Llumar 30% Stealth SR HPR (36in),Window Tint,ft
Llumar 38% Stealth SR HPR (36in),Window Tint,ft
Llumar 05% Stealth SR HPR (40in),Window Tint,ft
Llumar 18% Stealth SR HPR (40in),Window Tint,ft
Llumar 30% Stealth SR HPR (40in),Window Tint,ft
Llumar 38% Stealth SR HPR (40in),Window Tint,ft
Llumar 05% Stealth SR HPR (60in),Window Tint,ft
Llumar 18% Stealth SR HPR (60in),Window Tint,ft
Llumar 30% Stealth SR HPR (60in),Window Tint,ft
Llumar 38% Stealth SR HPR (60in),Window Tint,ft
Llumar 80% Air BL SR HPR (20in),Window Tint,ft
Llumar 80% Air BL SR HPR (24in),Window Tint,ft
Llumar 80% Air BL SR HPR (36in),Window Tint,ft
Llumar 80% Air BL SR HPR (40in),Window Tint,ft
Llumar 80% Air BL SR HPR (60in),Window Tint,ft
Llumar 75% Air SR HPR (20in),Window Tint,ft
Llumar 75% Air SR HPR (24in),Window Tint,ft
Llumar 75% Air SR HPR (36in),Window Tint,ft
Llumar 75% Air SR HPR (40in),Window Tint,ft
Llumar 75% Air SR HPR (60in),Window Tint,ft
Llumar 65% Air GN SR HPR (20in),Window Tint,ft
Llumar 65% Air GN SR HPR (24in),Window Tint,ft
Llumar 65% Air GN SR HPR (36in),Window Tint,ft
Llumar 65% Air GN SR HPR (40in),Window Tint,ft
Llumar 65% Air GN SR HPR (60in),Window Tint,ft
Solar Gard 5% Smoke (20in),Window Tint ,ft
Solar Gard 20% Smoke (20in),Window Tint ,ft
Solar Gard 35% Smoke (20in),Window Tint ,ft
Solar Gard 50% Smoke (20in),Window Tint ,ft
Solar Gard 5% Smoke (40in),Window Tint ,ft
Solar Gard 20% Smoke (40in),Window Tint ,ft
Solar Gard 35% Smoke (40in),Window Tint ,ft
Solar Gard 50% Smoke (40in),Window Tint ,ft
Solar Gard 40% Supreme (20in),Window Tint ,ft
Solar Gard 40% Supreme (40in),Window Tint ,ft
Flexishield Diamond White Colored Ppf/ Hg-01,Paint Protection Film(PPF),ft
Flexishield Brick Red Colored Ppf/ Hg-02,Paint Protection Film(PPF),ft
Flexishield Marmalade Colored Ppf/ Hg-03,Paint Protection Film(PPF),ft
Flexishield Sunflower Colored Ppf/ Hg-04,Paint Protection Film(PPF),ft
Flexishield Seafoam Colored Ppf/ Hg-05,Paint Protection Film(PPF),ft
Flexishield Grasshopper Colored Ppf/ Hg-06,Paint Protection Film(PPF),ft
Flexishield Mint Fresh Colored Ppf/ Hg-07,Paint Protection Film(PPF),ft
Flexishield Dusk Sky Colored Ppf/ Hg-08,Paint Protection Film(PPF),ft
Flexishield Shining Silver Colored Ppf/ Hg-09,Paint Protection Film(PPF),ft
Flexishield Black Bronze Colored Ppf/ Hg-10,Paint Protection Film(PPF),ft
Flexishield Gold Flake Colored Ppf/ Hg-11,Paint Protection Film(PPF),ft
Flexishield Perfect Plum Colored Ppf/ Hg-12,Paint Protection Film(PPF),ft
Flexishield Metallic Rosé Colored Ppf/ Hg-13,Paint Protection Film(PPF),ft
Flexishield Finish Line Green Colored Ppf/ Hg-14,Paint Protection Film(PPF),ft
Flexishield Graphite Colored Ppf/ Hg-15,Paint Protection Film(PPF),ft
Flexishield Sage Pearl Colored Ppf/ Hg-16,Paint Protection Film(PPF),ft
Flexishield Amphibian Colored Ppf/ Hg-17,Paint Protection Film(PPF),ft
Flexishield Silk Jade Colored Ppf/ Hg-18,Paint Protection Film(PPF),ft
Flexishield Rosso Rubino Colored Ppf/ Hg-19,Paint Protection Film(PPF),ft
Flexishield Lapis Lazuli Colored Ppf/ Hg-21,Paint Protection Film(PPF),ft
Flexishield Crushed Violet Colored Ppf/ Hg-301,Paint Protection Film(PPF),ft
Flexishield Satin Crimson Colored Ppf/ Hg-302,Paint Protection Film(PPF),ft
Flexishield Graphene Colored Ppf/ Hg-501,Paint Protection Film(PPF),ft
Flexishield Champagne Colored Ppf/ Hg-502,Paint Protection Film(PPF),ft
Flexishield Inox Colored Ppf/ Hg-503,Paint Protection Film(PPF),ft
Flexishield Magnesium Colored Ppf/ Hg-504,Paint Protection Film(PPF),ft
Flexishield Coral Colored Ppf/ Cl-01,Paint Protection Film(PPF),ft
Flexishield Racing Red Colored Ppf/ Cl-02,Paint Protection Film(PPF),ft
Flexishield Highlighter Yellow Colored Ppf/ Cl-03,Paint Protection Film(PPF),ft
Flexishield Acidic Lime Colored Ppf/ Cl-04,Paint Protection Film(PPF),ft
Flexishield Sky Blue Colored Ppf/ Cl-05,Paint Protection Film(PPF),ft
Flexishield Cerulean Colored Ppf/ Cl-06,Paint Protection Film(PPF),ft
Flexishield Fossil Gray Colored Ppf/ Cl-07,Paint Protection Film(PPF),ft
Flexishield Pitch Black Colored Ppf/ Cl-08,Paint Protection Film(PPF),ft
Flexishield Huntsman Green Colored Ppf/ Cl-09,Paint Protection Film(PPF),ft
Flexishield Smoke Grey Colored Ppf/ Cl-10,Paint Protection Film(PPF),ft
Flexishield Bordeaux Colored Ppf/ Cl-11,Paint Protection Film(PPF),ft
Flexishield Dune Colored Ppf/ Cl-12,Paint Protection Film(PPF),ft
Flexishield Admiral Blue Colored Ppf/ Cl-13,Paint Protection Film(PPF),ft
Flexishield Egyptian Blue Colored Ppf/ Cl-14,Paint Protection Film(PPF),ft
Flexishield Yacht Blue Colored Ppf/ Cl-14,Paint Protection Film(PPF),ft
Flexishield Miami Blue Colored Ppf/ Cl-16,Paint Protection Film(PPF),ft
Flexishield Amethyst Colored Ppf/ Cl-17,Paint Protection Film(PPF),ft
Flexishield Lavender Lust Colored Ppf/ Cl-18,Paint Protection Film(PPF),ft
Flexishield Crimson Colored Ppf/ Cl-19,Paint Protection Film(PPF),ft
Flexishield Gloss White Colored Ppf/ Cl-21,Paint Protection Film(PPF),ft
Flexishield Tangerine Colored Ppf/ Cl-22,Paint Protection Film(PPF),ft
Flexishield Satin Black Colored Ppf/ Cl-301,Paint Protection Film(PPF),ft
Flexishield Satin White Colored Ppf/ Cl-302,Paint Protection Film(PPF),ft
Flexishield Limestone Colored Ppf/ Cl-303,Paint Protection Film(PPF),ft
Flexishield Satin Slate Grey Colored Ppf/ Cl-304,Paint Protection Film(PPF),ft
Flexishield Sunstone Colored Ppf/ Cl-305,Paint Protection Film(PPF),ft
Flexishield Sparkling Pearl Colored Ppf/ Dm-01,Paint Protection Film(PPF),ft
Flexishield Cherry Blossom Colored Ppf/ Dm-02,Paint Protection Film(PPF),ft
Flexishield Deep Space Colored Ppf/ Dm-03,Paint Protection Film(PPF),ft
Flexishield Jungle Colored Ppf/ Dm-04,Paint Protection Film(PPF),ft
Flexishield Galaxy Colored Ppf/ Dm-05,Paint Protection Film(PPF),ft
Flexishield Ice Berg Colored Ppf/ Dm-06,Paint Protection Film(PPF),ft
Flexishield Pine Green Colored Ppf/ Dm-07,Paint Protection Film(PPF),ft
Flexishield Black Cherry Colored Ppf/ Dm-08,Paint Protection Film(PPF),ft
Flexishield Gotham Purple Colored Ppf/ Dm-09,Paint Protection Film(PPF),ft
Flexishield Midnight Colored Ppf/ Dm-10,Paint Protection Film(PPF),ft
Flexishield Blackberry Colored Ppf/ Dm-11,Paint Protection Film(PPF),ft
Flexishield Chameleon Colored Ppf/ Sp-01,Paint Protection Film(PPF),ft
Flexishield Magenta Switch Colored Ppf/ Sp-02,Paint Protection Film(PPF),ft
Flexishield Peach Blush Colored Ppf/ Sp-03,Paint Protection Film(PPF),ft
Flexishield Green Apple Colored Ppf/ Sp-04,Paint Protection Film(PPF),ft
Flexishield Sedona Sunset Colored Ppf/ Sp-05,Paint Protection Film(PPF),ft
Flexishield Candy Copper Colored Ppf/ Sp-06,Paint Protection Film(PPF),ft
Flexishield Northern Lights Colored Ppf/ Sp-07,Paint Protection Film(PPF),ft
Flexishield Cinnamon Spice Colored Ppf/ Sp-08,Paint Protection Film(PPF),ft
Flexishield Assassin Red Colored Ppf/ Sp-09,Paint Protection Film(PPF),ft
Flexishield Carbon Black Colored Ppf/ Tp-01,Paint Protection Film(PPF),ft
Flexishield Oil Slick Colored Ppf/ Tp-02,Paint Protection Film(PPF),ft
Flexishield Prismatic Pink Colored Ppf/ Tp-03,Paint Protection Film(PPF),ft
Flexishield Moon Beam Colored Ppf/ Tp-04,Paint Protection Film(PPF),ft
GSWF Bright Bubblegum Gloss PPF,Paint Protection Film(PPF),ft
GSWF Bright Orange Gloss PPF,Paint Protection Film(PPF),ft
GSWF Crimson Red Gloss PPF,Paint Protection Film(PPF),ft
GSWF Deep Black Gloss PPF,Paint Protection Film(PPF),ft
GSWF Deep Grey Gloss PPF,Paint Protection Film(PPF),ft
GSWF Emerald Green Metallic PPF,Paint Protection Film(PPF),ft
GSWF Energize Green Metallic PPF,Paint Protection Film(PPF),ft
GSWF Frozen Berry Metallic PPF,Paint Protection Film(PPF),ft
GSWF Gloss Bahama Sea Breeze PPF,Paint Protection Film(PPF),ft
GSWF Gloss Dark Amethyst PPF,Paint Protection Film(PPF),ft
GSWF Gloss Lipstick Kiss Red PPF,Paint Protection Film(PPF),ft
GSWF Gloss Military Olive Green PPF,Paint Protection Film(PPF),ft
GSWF Gloss Night Sky PPF,Paint Protection Film(PPF),ft
GSWF Gloss White PPF,Paint Protection Film(PPF),ft
GSWF Gloss Wicked Bullion PPF,Paint Protection Film(PPF),ft
GSWF Gloss Wicked Jungle PPF,Paint Protection Film(PPF),ft
GSWF Gloss Wicked Thundercloud PPF,Paint Protection Film(PPF),ft
GSWF Grass Green Gloss PPF,Paint Protection Film(PPF),ft
GSWF Ice Blue Metallic PPF,Paint Protection Film(PPF),ft
GSWF Light Grey Gloss PPF,Paint Protection Film(PPF),ft
GSWF Light Grey Metallic PPF,Paint Protection Film(PPF),ft
GSWF Light Lavender PPF,Paint Protection Film(PPF),ft
GSWF Light Mocha PPF,Paint Protection Film(PPF),ft
GSWF Maroon Metallic PPF,Paint Protection Film(PPF),ft
GSWF Mclaren Orange PPF,Paint Protection Film(PPF),ft
GSWF Midnight Purple Metallic PPF,Paint Protection Film(PPF),ft
GSWF Nardo Grey PPF,Paint Protection Film(PPF),ft
GSWF Ocean Blue Metallic PPF,Paint Protection Film(PPF),ft
GSWF Platinum Spark PPF,Paint Protection Film(PPF),ft
GSWF Powder Blue PPF,Paint Protection Film(PPF),ft
GSWF Ruby Stone Red PPF,Paint Protection Film(PPF),ft
GSWF Satin Black PPF,Paint Protection Film(PPF),ft
GSWF Satin Deep Grey PPF,Paint Protection Film(PPF),ft
GSWF Satin Grey PPF,Paint Protection Film(PPF),ft
GSWF Satin Latte PPF,Paint Protection Film(PPF),ft
GSWF Satin Military Olive Green PPF,Paint Protection Film(PPF),ft
GSWF Satin White PPF,Paint Protection Film(PPF),ft
GSWF Sky Blue Gloss PPF,Paint Protection Film(PPF),ft
GSWF Sparkling Champagne PPF,Paint Protection Film(PPF),ft
GSWF Sunshine Yellow Gloss PPF,Paint Protection Film(PPF),ft
GSWF Supernova Silver Metallic PPF,Paint Protection Film(PPF),ft
GSWF Swiss Coffee PPF,Paint Protection Film(PPF),ft
GSWF Titanium Silver PPF,Paint Protection Film(PPF),ft
GSWF Ultrasonic Blue Mica PPF,Paint Protection Film(PPF),ft
GSWF Viola Metallic PPF,Paint Protection Film(PPF),ft
GSWF Viper Green Metallic PPF,Paint Protection Film(PPF),ft
Liquid Armor 9H Ceramic Nano Coating 60ml,Ceramic Coat,pcs
Liquid Armor 9H Ceramic Nano Coating 100ml,Ceramic Coat,pcs
Liquid Armor Ti Titanium SiO₂ Hybrid Coating 60ml,Ceramic Coat,pcs
Liquid Armor Ti Titanium SiO₂ Hybrid Coating 120ml,Ceramic Coat,pcs
Liquid Armor ONE:1 Pro Heal Ceramic Coating System,Ceramic Coat,pcs
"Liquid Armor  Flex Coat PPF, Vinyl, and Leather Coating",Ceramic Coat,pcs
Gtechniq HALO Flexible Film Coating 30ml ,Ceramic Coat,pcs
Gtechniq HALO Flexible Film Coating 50ml ,Ceramic Coat,pcs
Ceramic Pro Kavaca Ceramic Coated PPF,Paint Protection Film(PPF),ft
Ceramic Pro Kavaca Black PPF,Paint Protection Film(PPF),ft
Ceramic Pro Kavaca Black Matte PPF,Paint Protection Film(PPF),ft
Ceramic Pro Kavaca Matte PPF,Paint Protection Film(PPF),ft
Ceramic Pro Kavaca Supreme PPF,Paint Protection Film(PPF),ft
Ceramic Pro Kavaca SPEC PPF,Paint Protection Film(PPF),ft
Ceramic Pro Kavaca Urban PPF,Paint Protection Film(PPF),ft
Ceramic Pro Kavaca Black PPF,Paint Protection Film(PPF),ft
Ceramic Pro Kavaca Black Matte PPF,Paint Protection Film(PPF),ft
Ceramic Pro Kavaca Ceramic Coated PPF,Paint Protection Film(PPF),ft
Ceramic Pro Kavaca Black PPF,Paint Protection Film(PPF),ft
Ceramic Pro Kavaca Black Matte PPF,Paint Protection Film(PPF),ft
Ceramic Pro Kavaca Matte PPF​,Paint Protection Film(PPF),ft
Ceramic Pro Kavaca Supreme PPF,Paint Protection Film(PPF),ft
Ceramic Pro Kavaca SPEC PPF,Paint Protection Film(PPF),ft
Ceramic Pro Kavaca Shades PPF,Paint Protection Film(PPF),ft
Ceramic Pro Kavaca Matte PPF,Paint Protection Film(PPF),ft
Ceramic Pro Kavaca Ceramic Coated PPF,Paint Protection Film(PPF),ft
Ceramic Pro Kavaca Black PPF,Paint Protection Film(PPF),ft
Ceramic Pro Kavaca Black Matte PPF,Paint Protection Film(PPF),ft
Ceramic Pro Kavaca Matte PPF,Paint Protection Film(PPF),ft
Ceramic Pro Kavaca Supreme PPF,Paint Protection Film(PPF),ft
Ceramic Pro Kavaca SPEC PPF,Paint Protection Film(PPF),ft
Ceramic Pro Kavaca Shades PPFs,Paint Protection Film(PPF),ft
Ceramic Pro Kavaca Ceramic Coated PPF,Paint Protection Film(PPF),ft
Ceramic Pro Kavaca Black PPF,Paint Protection Film(PPF),ft
Ceramic Pro Kavaca Black Matte PPF,Paint Protection Film(PPF),ft
Ceramic Pro Kavaca Matte PPF,Paint Protection Film(PPF),ft
Ceramic Pro Kavaca Supreme PPF,Paint Protection Film(PPF),ft
Ceramic Pro Kavaca SPEC PPF,Paint Protection Film(PPF),ft
Ceramic Pro Kavaca Shades PPF,Paint Protection Film(PPF),ft
Ceramic Pro Kavaca Ceramic Coated PPF,Paint Protection Film(PPF),ft
Ceramic Pro Kavaca Black PPF,Paint Protection Film(PPF),ft
Ceramic Pro Kavaca Black Matte PPF,Paint Protection Film(PPF),ft
Ceramic Pro Kavaca Matte PPF,Paint Protection Film(PPF),ft
Ceramic Pro Kavaca Supreme PPF,Paint Protection Film(PPF),ft
Ceramic Pro Kavaca SPEC PPF,Paint Protection Film(PPF),ft
Ceramic Pro Kavaca Urban PPF,Paint Protection Film(PPF),ft
Ceramic Pro Kavaca Shades PPF,Paint Protection Film(PPF),ft
Ceramic Pro ION,Ceramic Coat,pcs
Ceramic Pro 9H,Ceramic Coat,pcs
Ceramic Pro Top Coat,Ceramic Coat,pcs
Ceramic Pro Sport,Ceramic Coat,pcs
Ceramic Pro Glass,Ceramic Coat,pcs
Ceramic Pro Wheel & Caliper,Ceramic Coat,pcs
Gyeon Q² PPF EVO,Ceramic Coat,pcs
Gyeon Q² Mohs EVO,Ceramic Coat,pcs
Gyeon Q² One EVO,Ceramic Coat,pcs
Gyeon Q² Pure EVO,Ceramic Coat,pcs
Gyeon Q² Syncro EVO,Ceramic Coat,pcs
Gyeon Q² CanCoat EVO,Ceramic Coat,pcs
Gyeon Q² Matte EVO,Ceramic Coat,pcs
Gyeon Q² Matte EVO,Ceramic Coat,pcs
Gyeon Q² Rim EVO,Ceramic Coat,pcs
Gyeon Q² Tire,Ceramic Coat,pcs
Gyeon Q² Leather Shield EVO,Ceramic Coat,pcs
Gyeon Q² Leather Coat Redefined,Ceramic Coat,pcs
Gyeon Q²M Leather Set Mild,Ceramic Coat,pcs
Gyeon Q²M Leather Set Strong,Ceramic Coat,pcs
Gyeon Q² Purify Coat,Ceramic Coat,pcs
Gyeon Q² View EVO,Ceramic Coat,pcs
Gyeon Q² Quick View,Ceramic Coat,pcs
Autobahn 5% Ceramic i3+,Window Tint ,ft
Autobahn 15% Ceramic i3+,Window Tint ,ft
Autobahn 30% Ceramic i3+,Window Tint ,ft
Autobahn 5% Ceramic i3,Window Tint ,ft
Autobahn 15% Ceramic i3+,Window Tint ,ft
Autobahn 22% Ceramic i3,Window Tint ,ft
Autobahn 33% Ceramic i3,Window Tint ,ft
Autobahn 40% Ceramic i3,Window Tint ,ft
Autobahn 56% Ceramic i3,Window Tint ,ft
Autobahn 70% Ceramic i3,Window Tint ,ft
Autobahn 5% Black Ceramic,Window Tint ,ft
Autobahn 15% Black Ceramic,Window Tint ,ft
Autobahn 30% Black Ceramic,Window Tint ,ft
Autobahn 40% Black Ceramic,Window Tint ,ft
Autobahn 50% Black Ceramic,Window Tint ,ft
Autobahn 56% Black Ceramic,Window Tint ,ft
Autobahn 70% Air Ceramic,Window Tint ,ft
Autobahn 78% Air Ceramic,Window Tint ,ft
Autobahn 5% Black,Window Tint ,ft
Autobahn 15% Black,Window Tint ,ft
Autobahn 19% Black,Window Tint ,ft
Autobahn 31% Black,Window Tint ,ft
Autobahn 36% Black,Window Tint ,ft
Autobahn 42% Black,Window Tint ,ft
Autobahn 49% Black,Window Tint ,ft
Autobahn 56% Black,Window Tint ,ft
Autobahn Incognito PPF,Paint Protection Film(PPF),ft
Autobahn Smōk PPF,Paint Protection Film(PPF),ft
Autobahn Blak PPF,Paint Protection Film(PPF),ft
Autobahn Stärke Matte PPF,Paint Protection Film(PPF),ft
Autobahn Carbon PPF,Paint Protection Film(PPF),ft
Autobahn Road Guard PPF,Paint Protection Film(PPF),ft
Autobahn Keramik X,Paint Protection Film(PPF),ft
Autobahn Leicht,Paint Protection Film(PPF),ft
Autobahn Wächter,Paint Protection Film(PPF),ft
Autobahn Kristall,Paint Protection Film(PPF),ft
Autobahn Textil,Paint Protection Film(PPF),ft
Autobahn Plastisch,Paint Protection Film(PPF),ft
Autobahn Nautik,Paint Protection Film(PPF),ft
JL Audio C7-100ct: 1-inch,Audio,pcs
JL Audio C7-350cm: 3.5-inch,Audio,pcs
JL Audio C7-650cw: 6.5-inch,Audio,pcs
JL Audio W0v3 Series:,Audio,pcs
JL Audio 10W0v3-4: 10-inch ,Audio,pcs
JL Audio 12W0v3-4: 12-inch ,Audio,pcs
JL Audio 8W1v2-4: 8-inch,Audio,pcs
JL Audio 10W1v2-4: 10-inch ,Audio,pcs
JL Audio 12W1v2-4: 12-inch,Audio,pcs
JL Audio 6W3v3-4: 6.5-inch ,Audio,pcs
JL Audio 8W3v3-4: 8-inch,Audio,pcs
JL Audio 10W3v3-4: 10-inch,Audio,pcs
JL Audio 12W3v3-4: 12-inch,Audio,pcs
JL Audio 13W3v3-4: 13.5-inch,Audio,pcs
JL Audio 10W6v3-D4: 10-inch,Audio,pcs
JL Audio 12W6v3-D4: 12-inch,Audio,pcs
JL Audio 8W7AE-3: 8-inch,Audio,pcs
JL Audio 10W7AE-3: 10-inch ,Audio,pcs
JL Audio 12W7AE-3: 12-inch,Audio,pcs
JL Audio 13W7AE-D1.5: 13.5-inch,Audio,pcs
JL Audio 13TW5v2-2: 13.5-inch ,Audio,pcs
JL Audio 13TW5v2-4: 13.5-inch,Audio,pcs
JL Audio 10TW3-D4 – 10-inch,Audio,pcs
JL Audio 10TW3-D8 – 10-inch,Audio,pcs
JL Audio 12TW3-D4 – 12-inch,Audio,pcs
JL Audio 12TW3-D8 – 12-inch,Audio,pcs
JL Audio 10TW1-2 – 10-inch,Audio,pcs
JL Audio 10TW1-4 – 10-inch,Audio,pcs
JL Audio 12TW1-2 – 12-inch,Audio,pcs
JL Audio 12TW1-4 – 12-inch,Audio,pcs
JL Audio HD900/5,Audio,pcs
JL Audio HD600/4,Audio,pcs
JL Audio HD750/1,Audio,pcs
JL Audio HD1200/1,Audio,pcs
JL Audio XD400/4,Audio,pcs
JL Audio XD600/1,Audio,pcs
JL Audio XD700/5,Audio,pcs
JL Audio XD1000/1,Audio,pcs
JL Audio RD400/4,Audio,pcs
JL Audio RD500/1,Audio,pcs
JL Audio RD900/5,Audio,pcs
JL Audio MX280/4,Audio,pcs
JL Audio MX500/1,Audio,pcs
JL Audio JL Audio VX400/4i,Audio,pcs
JL Audio JL Audio VX600/6i,Audio,pcs
JL Audio JL Audio VX800/8i,Audio,pcs
JL Audio JL Audio VX1000/1i,Audio,pcs
JL Audio JL Audio VX600/1i,Audio,pcs
JL Audio JL Audio VX1000/5i,Audio,pcs
JL Audio XDM1000/1,Audio,pcs
JL Audio XDM600/1,Audio,pcs
JL Audio XDM600/6,Audio,pcs
JL Audio XDM1000/5,Audio,pcs
Kicker CompR Series 8-inch,Audio,pcs
Kicker CompR Series 10-inch,Audio,pcs
Kicker CompR Series 12-inch,Audio,pcs
Kicker CompR Series 15-inch,Audio,pcs
Kicker CompRT Series 6.75-inch,Audio,pcs
Kicker CompRT Series 8-inch,Audio,pcs
Kicker CompRT Series 10-inch,Audio,pcs
Kicker CompRT Series 12-inch,Audio,pcs
Kicker L7 Series 8-inch,Audio,pcs
Kicker L7 Series 10-inch,Audio,pcs
Kicker L7 Series 12-inch,Audio,pcs
Kicker L7 Series 15-inch,Audio,pcs
Kicker L7X Series 10-inch,Audio,pcs
Kicker L7X Series 12-inch,Audio,pcs
Kicker L7X Series 15-inch,Audio,pcs
Kicker L7R Series 8-inch,Audio,pcs
Kicker L7R Series 10-inch,Audio,pcs
Kicker L7R Series 12-inch,Audio,pcs
Kicker L7R Series 15-inch,Audio,pcs
Kicker Solo-Baric Series 8-inch,Audio,pcs
Kicker Solo-Baric Series 10-inch,Audio,pcs
Kicker Solo-Baric Series 12-inch,Audio,pcs
Kicker Solo-Baric Series 15-inch,Audio,pcs
Kicker Freeair Subwoofers 10-inch,Audio,pcs
Kicker Freeair Subwoofers 12-inch,Audio,pcs
Kicker CS Series 3.5-inch,Audio,pcs
Kicker CS Series 4-inch,Audio,pcs
Kicker CS Series 4x6-inch,Audio,pcs
Kicker CS Series 5.25-inch,Audio,pcs
Kicker CS Series 6.5-inch,Audio,pcs
Kicker CS Series 6.75-inch,Audio,pcs
Kicker CS Series 6x8-inch,Audio,pcs
Kicker CS Series 6x9-inch,Audio,pcs
Kicker KS Series 4-inch,Audio,pcs
Kicker KS Series 4x6-inch,Audio,pcs
Kicker KS Series 5.25-inch,Audio,pcs
Kicker KS Series 6.5-inch,Audio,pcs
Kicker KS Series 6.75-inch,Audio,pcs
Kicker KS Series 6x8-inch,Audio,pcs
Kicker KS Series 6x9-inch,Audio,pcs
Kicker DS Series 4-inch,Audio,pcs
Kicker DS Series 4x6-inch,Audio,pcs
Kicker DS Series 5.25-inch,Audio,pcs
Kicker DS Series 6.5-inch,Audio,pcs
Kicker DS Series 6.75-inch,Audio,pcs
Kicker DS Series 6x8-inch,Audio,pcs
Kicker DS Series 6x9-inch,Audio,pcs
Kicker QS Series 5.25-inch,Audio,pcs
Kicker QS Series 6.5-inch,Audio,pcs
Kicker QS Series 6.75-inch,Audio,pcs
Kicker Marine and Powersports Speakers 4-inch,Audio,pcs
Kicker Marine and Powersports Speakers 6.5-inch,Audio,pcs
Kicker Marine and Powersports Speakers 8-inch,Audio,pcs
Kicker Marine and Powersports Speakers 6x9-inch,Audio,pcs
Kicker CX Series Mono-channel,Audio,pcs
Kicker CX Series 2-channel,Audio,pcs
Kicker CX Series 4-channel,Audio,pcs
Kicker CX Series 5-channel,Audio,pcs
Kicker KEY Series Mono-channel,Audio,pcs
Kicker KEY Series 4-channel,Audio,pcs
Kicker IQ Series Mono-channel,Audio,pcs
Kicker IQ Series 2-channel,Audio,pcs
Kicker IQ Series 4-channel,Audio,pcs
Kicker IQ Series 5-channel,Audio,pcs
Kicker KX Series Mono-channel,Audio,pcs
Kicker KX Series 2-channel,Audio,pcs
Kicker KX Series 4-channel,Audio,pcs
Kicker KX Series 5-channel,Audio,pcs
Kicker CompR Enclosures 8-inch,Audio,pcs
Kicker CompR Enclosures 10-inch,Audio,pcs
Kicker CompR Enclosures 12-inch,Audio,pcs
Kicker L7 Enclosures 8-inch,Audio,pcs
Kicker L7 Enclosures 10-inch,Audio,pcs
Kicker L7 Enclosures 12-inch,Audio,pcs
Kicker L7 Enclosures 15-inch,Audio,pcs
Kicker Loaded Tube Enclosures 6.5-inch,Audio,pcs
Kicker Loaded Tube Enclosures 8-inch,Audio,pcs
Kicker Loaded Passive Radiator Enclosures 8-inch,Audio,pcs
Kicker Loaded Passive Radiator Enclosures 10-inch,Audio,pcs
Kicker Loaded Passive Radiator Enclosures 12-inch,Audio,pcs
Kenwood KFC-MW3000 12,Audio,pcs
Kenwood KFC-PS3017W 12,Audio,pcs
Kenwood KFC-WPS1200F 12,Audio,pcs
Kenwood KFC-PS3016W 12,Audio,pcs
Kenwood KFC-PS2517W 10,Audio,pcs
Kenwood KFC-PS2516W 10,Audio,pcs
"Kenwood KFC-PS6985 6"" x 9""",Audio,pcs
"Kenwood KFC-PS6975 6"" x 9""",Audio,pcs
"Kenwood KFC-PS6995 6"" x 9""",Audio,pcs
"Kenwood KFC-PS6895C 6"" x 8""",Audio,pcs
"Kenwood KFC-PS5795C 5"" x 7""",Audio,pcs
"Kenwood KFC-C5795PS 5"" x 7""",Audio,pcs
"Kenwood KFC-PS1795 6.5""",Audio,pcs
"Kenwood KFC-1753RG 6.5""",Audio,pcs
"Kenwood KFC-1752RG 6.5""",Audio,pcs
"Kenwood KFC-PS1395 5.25""",Audio,pcs
Kenwood KAC-7005PS 5-Channel,Audio,pcs
Kenwood KAC-9105D Mono Class D,Audio,pcs
Kenwood KAC-9405 4-Channel,Audio,pcs
Kenwood KAC-8106D Mono Class D,Audio,pcs
Kenwood KAC-C400D3 8-Channel,Audio,pcs
Kenwood KAC-C80DSP 8-Channel,Audio,pcs
Pioneer TS-A2000LB 8-Inch,Audio,pcs
Pioneer TS-A2000LD2 8-Inch,Audio,pcs
Pioneer TS-BW200LA 8-Inch,Audio,pcs
Pioneer TS-Z10LS2 / TS-Z10LS4 10-Inch,Audio,pcs
Pioneer TS-D10D2 / TS-D10D4 10-Inch,Audio,pcs
Pioneer TS-D10LB 10-Inch,Audio,pcs
Pioneer TS-D10LS2 / TS-D10LS4 10-Inch,Audio,pcs
Pioneer TS-W3020PRO / TS-W3010PRO 12-Inch,Audio,pcs
Pioneer TS-A2500LS4 10-Inch,Audio,pcs
Pioneer TS-A2500LB 10-Inch,Audio,pcs
Pioneer TS-D12D2 / TS-D12D4 12-Inch,Audio,pcs
Pioneer TS-A300D4 / TS-A300S4 12-Inch,Audio,pcs
Pioneer TS-A3000LS4 12-Inch,Audio,pcs
Pioneer TS-A3000LB 12-Inch,Audio,pcs
Pioneer TS-A300B 12-Inch,Audio,pcs
Pioneer TS-W3004D4 12-Inch,Audio,pcs
Pioneer TS-W312D4 12-Inch,Audio,pcs
Pioneer TS-W3020PRO / TS-W3010PRO 12-Inch,Audio,pcs
Pioneer TS-W1200PRO 12-Inch,Audio,pcs
Pioneer TS-WX306B 12-Inch,Audio,pcs
Pioneer TS-SW3002S4 12-Inch,Audio,pcs
Pioneer TS-W3820PRO 15-Inch,Audio,pcs
Pioneer TS-W1500PRO 15-Inch,Audio,pcs
"Pioneer TS-G1620F 6.5""",Audio,pcs
"Pioneer TS-R1651S 6.3""",Audio,pcs
"Pioneer TS-A6985S 6x9""",Audio,pcs
"Pioneer TS-R6950S 6x9""",Audio,pcs
"Pioneer TS-A2013I 8""",Audio,pcs
"Pioneer TS-A131CI 5""",Audio,pcs
"Pioneer TS-R1350S 5""",Audio,pcs
"Pioneer TS-R1750S 6.5""",Audio,pcs
"Pioneer TS-B351PRO 3.5""",Audio,pcs